"Ref_index","Study","Location","Year.Mid","Age.min","Age.max","n.Suscept","n.Basic","n.Full","n.NotFull","N.age","N","prct.Full1","prct.Suscept","prct.Basic","prct.Full"
25,NA,"France",1994,15,24,4,11,93,15,108,NA,NA,0.037037037037037,0.101851851851852,0.861111111111111
25,NA,"France",1994,25,34,13,28,111,41,152,NA,NA,0.0855263157894737,0.184210526315789,0.730263157894737
25,NA,"France",1994,35,44,26,42,55,68,123,NA,NA,0.211382113821138,0.341463414634146,0.447154471544715
25,NA,"France",1994,45,54,17,48,46,65,111,NA,NA,0.153153153153153,0.432432432432432,0.414414414414414
25,NA,"France",1994,55,64,11,32,55,43,98,NA,NA,0.112244897959184,0.326530612244898,0.561224489795918
25,NA,"France",1994,65,74,48,48,52,96,148,NA,NA,0.324324324324324,0.324324324324324,0.351351351351351
25,NA,"France",1994,75,84,44,55,50,99,149,NA,NA,0.295302013422819,0.369127516778524,0.335570469798658
25,NA,"France",1994,85,90,41,40,34,81,115,NA,NA,0.356521739130435,0.347826086956522,0.295652173913043
47,NA,"Spain",1996,2,5,NA,NA,NA,NA,439,NA,95.6,NA,NA,0.956
47,NA,"Spain",1996,6,9,NA,NA,NA,NA,454,NA,96.7,NA,NA,0.967
47,NA,"Spain",1996,10,14,NA,NA,NA,NA,472,NA,86.1,NA,NA,0.861
47,NA,"Spain",1996,14,19,NA,NA,NA,NA,502,NA,67,NA,NA,0.67
47,NA,"Spain",1996,15,24,NA,NA,NA,NA,516,NA,58.7,NA,NA,0.587
47,NA,"Spain",1996,25,29,NA,NA,NA,NA,516,NA,59.5,NA,NA,0.595
47,NA,"Spain",1996,30,39,NA,NA,NA,NA,528,NA,32.3,NA,NA,0.323
168,NA,"Italy",1996,0,1,93,31,77,92,169,NA,NA,0.550295857988166,0.183431952662722,0.455621301775148
168,NA,"Italy",1996,2,9,36,158,342,387,729,NA,NA,0.0493827160493827,0.216735253772291,0.469135802469136
168,NA,"Italy",1996,10,19,130,213,213,626,839,NA,NA,0.154946364719905,0.253873659117998,0.253873659117998
168,NA,"Italy",1996,20,29,36,126,205,200,405,NA,NA,0.0888888888888889,0.311111111111111,0.506172839506173
168,NA,"Italy",1996,30,34,22,60,78,97,175,NA,NA,0.125714285714286,0.342857142857143,0.445714285714286
168,NA,"Italy",1996,35,39,30,75,68,114,182,NA,NA,0.164835164835165,0.412087912087912,0.373626373626374
168,NA,"Italy",1996,40,44,30,47,30,81,111,NA,NA,0.27027027027027,0.423423423423423,0.27027027027027
168,NA,"Italy",1996,45,49,28,38,25,68,93,NA,NA,0.301075268817204,0.408602150537634,0.268817204301075
168,NA,"Italy",1996,50,54,30,39,31,70,101,NA,NA,0.297029702970297,0.386138613861386,0.306930693069307
168,NA,"Italy",1996,55,59,25,53,13,84,97,NA,NA,0.257731958762887,0.54639175257732,0.134020618556701
168,NA,"Italy",1996,60,80,28,100,56,154,210,NA,NA,0.133333333333333,0.476190476190476,0.266666666666667
210,NA,"Flanders",1993,0,14,1,23,123,24,147,NA,NA,0.00680272108843537,0.156462585034014,0.836734693877551
210,NA,"Flanders",1993,15,24,19,65,114,84,198,NA,NA,0.095959595959596,0.328282828282828,0.575757575757576
210,NA,"Flanders",1993,24,34,93,92,103,185,288,NA,NA,0.322916666666667,0.319444444444444,0.357638888888889
210,NA,"Flanders",1993,35,44,179,64,66,243,309,NA,NA,0.579288025889968,0.207119741100324,0.213592233009709
210,NA,"Flanders",1993,45,54,121,48,49,169,218,NA,NA,0.555045871559633,0.220183486238532,0.224770642201835
210,NA,"Flanders",1993,55,64,84,81,103,165,268,NA,NA,0.313432835820896,0.302238805970149,0.384328358208955
210,NA,"Flanders",1993,65,80,107,62,82,169,251,NA,NA,0.426294820717131,0.247011952191235,0.326693227091633
171,NA,"Thailand",1977,5,9,NA,NA,3,0,3,NA,NA,NA,NA,1
171,NA,"Thailand",1977,10,14,NA,NA,42,22,64,NA,NA,NA,NA,0.65625
171,NA,"Thailand",1977,15,19,NA,NA,41,12,53,NA,NA,NA,NA,0.773584905660377
171,NA,"Thailand",1977,20,80,NA,NA,68,5,73,NA,NA,NA,NA,0.931506849315068
171,NA,"Thailand",1978,5,9,NA,NA,30,24,54,NA,NA,NA,NA,0.555555555555556
171,NA,"Thailand",1978,10,14,NA,NA,63,23,86,NA,NA,NA,NA,0.732558139534884
171,NA,"Thailand",1979,0,4,NA,NA,7,7,14,NA,NA,NA,NA,0.5
171,NA,"Thailand",1979,5,9,NA,NA,45,28,73,NA,NA,NA,NA,0.616438356164384
171,NA,"Thailand",1979,10,14,NA,NA,122,32,154,NA,NA,NA,NA,0.792207792207792
171,NA,"Thailand",1979,15,19,NA,NA,5,2,7,NA,NA,NA,NA,0.714285714285714
171,NA,"Thailand",1979,20,80,NA,NA,47,15,62,NA,NA,NA,NA,0.758064516129032
171,NA,"Thailand",1982,20,80,NA,NA,48,4,52,NA,NA,NA,NA,0.923076923076923
174,NA,"Italy",1996,14,14,6,119,386,115,501,NA,NA,0.0119760479041916,0.2375249500998,0.770459081836327
174,NA,"Italy",1996,20,30,109,163,217,273,490,NA,NA,0.222448979591837,0.33265306122449,0.442857142857143
183,NA,"Med Students in Malaysia",2008,18,20,0,0,3,0,3,NA,NA,0,0,1
183,NA,"Med Students in Malaysia",2008,20,29,0,34,98,34,132,NA,NA,0,0.257575757575758,0.742424242424242
183,NA,"Med Students in Malaysia",2008,30,39,0,0,14,0,14,NA,NA,0,0,1
183,NA,"Med Students in Malaysia",2008,40,80,0,0,3,0,3,NA,NA,0,0,1
213,NA,"New Zealand",1988,5,5,NA,NA,NA,857,857,NA,72.7,NA,NA,0.727
213,NA,"New Zealand",1988,10,10,NA,NA,NA,913,913,NA,64.6,NA,NA,0.646
213,NA,"New Zealand",1988,15,15,NA,NA,NA,868,868,NA,55.8,NA,NA,0.558
215,NA,"Albanians",1999,22,29,NA,NA,64,44,108,NA,NA,NA,NA,0.592592592592593
215,NA,"Albanians",1999,30,39,NA,NA,80,59,139,NA,NA,NA,NA,0.575539568345324
215,NA,"Albanians",1999,40,46,NA,NA,23,16,39,NA,NA,NA,NA,0.58974358974359
215,NA,"NIS",1999,22,29,NA,NA,22,59,81,NA,NA,NA,NA,0.271604938271605
215,NA,"NIS",1999,30,39,NA,NA,27,64,91,NA,NA,NA,NA,0.296703296703297
215,NA,"NIS",1999,40,46,NA,NA,11,9,20,NA,NA,NA,NA,0.55
215,NA,"Greeks",1999,22,29,NA,NA,55,197,252,NA,NA,NA,NA,0.218253968253968
215,NA,"Greeks",1999,30,39,NA,NA,76,228,304,NA,NA,NA,NA,0.25
215,NA,"Greeks",1999,40,46,NA,NA,54,128,182,NA,NA,NA,NA,0.296703296703297
216,NA,"Turkey",1997,3,6,66,12,52,78,130,NA,NA,0.507692307692308,0.0923076923076923,0.4
216,NA,"Turkey",1997,10,19,67,29,38,96,134,NA,NA,0.5,0.216417910447761,0.283582089552239
216,NA,"Turkey",1997,20,29,83,34,25,117,142,NA,NA,0.584507042253521,0.23943661971831,0.176056338028169
216,NA,"Turkey",1997,30,39,69,32,37,101,138,NA,NA,0.5,0.231884057971014,0.268115942028986
216,NA,"Turkey",1997,40,49,62,20,42,82,124,NA,NA,0.5,0.161290322580645,0.338709677419355
216,NA,"Turkey",1997,50,59,1,16,39,17,56,NA,NA,0.0178571428571429,0.285714285714286,0.696428571428571
216,NA,"Turkey",1997,60,80,48,9,39,57,96,NA,NA,0.5,0.09375,0.40625
87,NA,"Ontario",1969,23,29,NA,NA,289,177,466,NA,NA,NA,NA,0.620171673819742
87,NA,"Ontario",1969,30,39,NA,NA,313,267,580,NA,NA,NA,NA,0.539655172413793
87,NA,"Ontario",1969,40,45,NA,NA,71,112,183,NA,NA,NA,NA,0.387978142076503
92,NA,"China",2012,2,2,0,2,2,2,4,NA,NA,0,0.5,0.5
92,NA,"China",2012,3,3,4,11,23,15,38,NA,NA,0.105263157894737,0.289473684210526,0.605263157894737
92,NA,"China",2012,4,4,2,15,21,17,38,NA,NA,0.0526315789473684,0.394736842105263,0.552631578947368
92,NA,"China",2012,5,5,5,7,8,12,20,NA,NA,0.25,0.35,0.4
92,NA,"China",2012,6,6,14,33,16,47,63,NA,NA,0.222222222222222,0.523809523809524,0.253968253968254
92,NA,"China",2012,7,7,9,19,7,28,35,NA,NA,0.257142857142857,0.542857142857143,0.2
92,NA,"China",2012,11,11,4,44,47,48,95,NA,NA,0.0421052631578947,0.463157894736842,0.494736842105263
92,NA,"China",2012,12,12,7,34,51,41,92,NA,NA,0.0760869565217391,0.369565217391304,0.554347826086957
92,NA,"China",2012,13,13,11,18,16,29,45,NA,NA,0.244444444444444,0.4,0.355555555555556
92,NA,"China",2012,14,14,4,23,14,27,41,NA,NA,0.0975609756097561,0.560975609756098,0.341463414634146
92,NA,"China",2012,15,15,4,17,18,21,39,NA,NA,0.102564102564103,0.435897435897436,0.461538461538462
92,NA,"China",2012,16,16,5,29,14,34,48,NA,NA,0.104166666666667,0.604166666666667,0.291666666666667
92,NA,"China",2012,17,17,1,16,12,17,29,NA,NA,0.0344827586206897,0.551724137931034,0.413793103448276
297,NA,"Saudi Arabia",2001,1,1,0,30,19,30,49,NA,NA,0,0.612244897959184,0.387755102040816
297,NA,"Saudi Arabia",2001,6,6,0,5,45,5,50,NA,NA,0,0.1,0.9
297,NA,"Saudi Arabia",2001,17,17,6,34,55,40,95,NA,NA,0.0631578947368421,0.357894736842105,0.578947368421053
311,NA,"Brooklyn",1957,0,1,24,17,3,41,44,NA,NA,0.545454545454545,0.386363636363636,0.0681818181818182
311,NA,"Brooklyn",1957,1,4,20,30,21,50,71,NA,NA,0.28169014084507,0.422535211267606,0.295774647887324
311,NA,"Brooklyn",1957,5,9,13,36,15,49,64,NA,NA,0.203125,0.5625,0.234375
311,NA,"Brooklyn",1957,10,14,9,32,5,41,46,NA,NA,0.195652173913043,0.695652173913043,0.108695652173913
311,NA,"Brooklyn",1957,15,19,76,104,17,180,197,NA,NA,0.385786802030457,0.527918781725888,0.0862944162436548
311,NA,"Brooklyn",1957,20,24,75,148,15,223,238,NA,NA,0.315126050420168,0.621848739495798,0.0630252100840336
311,NA,"Brooklyn",1957,25,29,36,89,12,125,137,NA,NA,0.262773722627737,0.64963503649635,0.0875912408759124
311,NA,"Brooklyn",1957,30,39,30,107,26,137,163,NA,NA,0.184049079754601,0.656441717791411,0.159509202453988
311,NA,"Brooklyn",1957,40,49,32,78,4,110,114,NA,NA,0.280701754385965,0.684210526315789,0.0350877192982456
311,NA,"Brooklyn",1957,50,59,24,52,13,76,89,NA,NA,0.269662921348315,0.584269662921348,0.146067415730337
311,NA,"Brooklyn",1957,60,69,20,72,9,92,101,NA,NA,0.198019801980198,0.712871287128713,0.0891089108910891
311,NA,"Brooklyn",1957,70,79,15,76,6,91,97,NA,NA,0.154639175257732,0.783505154639175,0.0618556701030928
311,NA,"Brooklyn",1957,80,85,6,27,1,33,34,NA,NA,0.176470588235294,0.794117647058823,0.0294117647058824
317,NA,"Rio de Janeiro, Brazil",2004,18,30,16,28,16,44,60,NA,NA,0.266666666666667,0.466666666666667,0.266666666666667
317,NA,"Rio de Janeiro, Brazil",2004,31,40,13,20,12,33,45,NA,NA,0.288888888888889,0.444444444444444,0.266666666666667
317,NA,"Rio de Janeiro, Brazil",2004,41,50,10,8,6,18,24,NA,NA,0.416666666666667,0.333333333333333,0.25
317,NA,"Rio de Janeiro, Brazil",2004,51,61,4,3,4,7,11,NA,NA,0.363636363636364,0.272727272727273,0.363636363636364
369,NA,"Republic of Georgia",1995,18,29,48.4,48.4,16.1,45.9,62,NA,NA,0.780645161290323,0.780645161290323,0.259677419354839
369,NA,"Republic of Georgia",1995,30,39,45.7,8.6,0,70,70,NA,NA,0.652857142857143,0.122857142857143,0
369,NA,"Republic of Georgia",1995,40,49,23.1,1.5,4.3,64.7,69,NA,NA,0.334782608695652,0.0217391304347826,0.0623188405797101
369,NA,"Republic of Georgia",1995,50,59,34,10.7,2.1,44.9,47,NA,NA,0.723404255319149,0.227659574468085,0.0446808510638298
387,NA,"Miami, FL",1990,0,4,87,107,202,194,396,NA,NA,0.21969696969697,0.27020202020202,0.51010101010101
387,NA,"Miami, FL",1990,5,14,18,61,226,79,305,NA,NA,0.059016393442623,0.2,0.740983606557377
746,NA,"Iran",2007,10,14,13,33,84,46,130,NA,NA,0.1,0.253846153846154,0.646153846153846
746,NA,"Iran",2007,15,20,2,3,94,15,109,NA,NA,0.018348623853211,0.0275229357798165,0.862385321100917
746,NA,"Iran",2007,20,25,3,12,106,15,121,NA,NA,0.0247933884297521,0.0991735537190083,0.87603305785124
747,NA,"São Paulo, Brazil",2002,0,1,11,7,2,18,20,NA,NA,0.55,0.35,0.1
747,NA,"São Paulo, Brazil",2002,1,4,40,7,2,47,49,NA,NA,0.816326530612245,0.142857142857143,0.0408163265306122
747,NA,"São Paulo, Brazil",2002,5,9,52,2,0,54,54,NA,NA,0.962962962962963,0.037037037037037,0
747,NA,"São Paulo, Brazil",2002,10,14,33,2,0,35,35,NA,NA,0.942857142857143,0.0571428571428571,0
747,NA,"São Paulo, Brazil",2002,15,24,44,4,0,48,48,NA,NA,0.916666666666667,0.0833333333333333,0
747,NA,"São Paulo, Brazil",2002,25,39,52,12,1,64,65,NA,NA,0.8,0.184615384615385,0.0153846153846154
747,NA,"São Paulo, Brazil",2002,40,59,32,18,0,50,50,NA,NA,0.64,0.36,0
747,NA,"São Paulo, Brazil",2002,60,80,48,5,0,53,53,NA,NA,0.905660377358491,0.0943396226415094,0
479,NA,"Florence, Italy",1994,0,9,6,22,30,28,58,NA,NA,0.103448275862069,0.379310344827586,0.517241379310345
479,NA,"Florence, Italy",1994,10,19,7,25,31,32,63,NA,NA,0.111111111111111,0.396825396825397,0.492063492063492
479,NA,"Florence, Italy",1994,20,29,9,51,28,60,88,NA,NA,0.102272727272727,0.579545454545455,0.318181818181818
479,NA,"Florence, Italy",1994,30,39,20,38,23,58,81,NA,NA,0.246913580246914,0.469135802469136,0.283950617283951
479,NA,"Florence, Italy",1994,40,49,31,46,6,77,83,NA,NA,0.373493975903614,0.55421686746988,0.072289156626506
479,NA,"Florence, Italy",1994,50,59,43,36,6,79,85,NA,NA,0.505882352941176,0.423529411764706,0.0705882352941176
479,NA,"Florence, Italy",1994,60,69,46,35,9,81,90,NA,NA,0.511111111111111,0.388888888888889,0.1
479,NA,"Florence, Italy",1994,70,80,43,48,2,91,93,NA,NA,0.462365591397849,0.516129032258065,0.021505376344086
407,NA,"Israel",1990,17,19,9,99,80,108,188,NA,NA,0.0478723404255319,0.526595744680851,0.425531914893617
407,NA,"Israel",1990,20,24,3,119,129,122,251,NA,NA,0.0119521912350598,0.474103585657371,0.51394422310757
407,NA,"Israel",1990,25,29,8,162,108,170,278,NA,NA,0.0287769784172662,0.58273381294964,0.388489208633094
407,NA,"Israel",1990,30,34,13,128,35,141,176,NA,NA,0.0738636363636364,0.727272727272727,0.198863636363636
407,NA,"Israel",1990,35,49,18,72,9,90,99,NA,NA,0.181818181818182,0.727272727272727,0.0909090909090909
416,NA,"Poland",1986,10,19,11,11,56,-47,9,NA,NA,0.0122222222222222,0.0122222222222222,0.0622222222222222
416,NA,"Poland",1986,20,29,51,26,23,127,150,NA,NA,0.34,0.173333333333333,0.153333333333333
416,NA,"Poland",1986,30,39,49,40,11,85,96,NA,NA,0.510416666666667,0.416666666666667,0.114583333333333
416,NA,"Poland",1986,40,49,64,27,9,89,98,NA,NA,0.653061224489796,0.275510204081633,0.0918367346938776
416,NA,"Poland",1986,50,59,59,26,13,93,106,NA,NA,0.556603773584906,0.245283018867925,0.122641509433962
416,NA,"Poland",1986,60,90,46,41,9,35,44,NA,NA,0.0104545454545455,0.931818181818182,0.204545454545455
418,NA,"Syria",2016,18,25,NA,NA,NA,NA,91,NA,91,NA,NA,0.91
418,NA,"Syria",2016,26,35,NA,NA,NA,NA,123,NA,79.7,NA,NA,0.797
418,NA,"Syria",2016,36,45,NA,NA,NA,NA,83,NA,80,NA,NA,0.8
418,NA,"Iran",2016,18,25,NA,NA,NA,NA,33,NA,85,NA,NA,0.85
418,NA,"Iran",2016,26,35,NA,NA,NA,NA,53,NA,94,NA,NA,0.94
418,NA,"Iran",2016,36,45,NA,NA,NA,NA,23,NA,78,NA,NA,0.78
418,NA,"Iraq",2016,18,25,NA,NA,NA,NA,25,NA,80,NA,NA,0.8
418,NA,"Iraq",2016,26,35,NA,NA,NA,NA,44,NA,75,NA,NA,0.75
418,NA,"Iraq",2016,36,45,NA,NA,NA,NA,14,NA,93,NA,NA,0.93
418,NA,"Afghanistan",2016,18,25,NA,NA,NA,NA,36,NA,72,NA,NA,0.72
418,NA,"Afghanistan",2016,26,35,NA,NA,NA,NA,28,NA,57,NA,NA,0.57
418,NA,"Afghanistan",2016,36,45,NA,NA,NA,NA,11,NA,64,NA,NA,0.64
418,NA,"Eritrea",2016,18,25,NA,NA,NA,NA,17,NA,88,NA,NA,0.88
418,NA,"Eritrea",2016,26,35,NA,NA,NA,NA,23,NA,78,NA,NA,0.78
418,NA,"Eritrea",2016,36,45,NA,NA,NA,NA,14,NA,100,NA,NA,1
420,NA,"Norway",1995,1,1,40,8,0,48,48,NA,NA,0.833333333333333,0.166666666666667,0
420,NA,"Norway",1995,2,2,30,4,2,34,36,NA,NA,0.833333333333333,0.111111111111111,0.0555555555555556
420,NA,"Norway",1995,3,3,19,10,1,29,30,NA,NA,0.633333333333333,0.333333333333333,0.0333333333333333
420,NA,"Norway",1995,4,4,12,10,2,25,27,NA,NA,0.444444444444444,0.37037037037037,0.0740740740740741
420,NA,"Norway",1995,5,5,20,6,0,26,26,NA,NA,0.769230769230769,0.230769230769231,0
420,NA,"Norway",1995,6,6,24,12,0,36,36,NA,NA,0.666666666666667,0.333333333333333,0
420,NA,"Norway",1995,7,7,17,12,3,29,32,NA,NA,0.53125,0.375,0.09375
420,NA,"Norway",1995,8,8,13,15,3,28,31,NA,NA,0.419354838709677,0.483870967741935,0.0967741935483871
420,NA,"Norway",1995,9,9,19,20,1,39,40,NA,NA,0.475,0.5,0.025
420,NA,"Norway",1995,10,10,11,14,5,25,30,NA,NA,0.366666666666667,0.466666666666667,0.166666666666667
420,NA,"Norway",1995,11,11,24,8,3,32,35,NA,NA,0.685714285714286,0.228571428571429,0.0857142857142857
420,NA,"Norway",1995,12,12,26,2,1,28,29,NA,NA,0.896551724137931,0.0689655172413793,0.0344827586206897
420,NA,"Russia",1995,1,1,9,5,1,14,15,NA,NA,0.6,0.333333333333333,0.0666666666666667
420,NA,"Russia",1995,2,2,16,3,1,19,20,NA,NA,0.8,0.15,0.05
420,NA,"Russia",1995,3,3,18,4,0,22,22,NA,NA,0.818181818181818,0.181818181818182,0
420,NA,"Russia",1995,4,4,26,2,0,28,28,NA,NA,0.928571428571429,0.0714285714285714,0
420,NA,"Russia",1995,5,5,23,6,0,29,29,NA,NA,0.793103448275862,0.206896551724138,0
420,NA,"Russia",1995,6,6,29,1,0,30,30,NA,NA,0.966666666666667,0.0333333333333333,0
420,NA,"Russia",1995,7,7,35,0,0,35,35,NA,NA,1,0,0
420,NA,"Russia",1995,8,8,21,5,1,26,27,NA,NA,0.777777777777778,0.185185185185185,0.037037037037037
420,NA,"Russia",1995,9,9,23,2,0,25,25,NA,NA,0.92,0.08,0
420,NA,"Russia",1995,10,10,30,3,0,33,33,NA,NA,0.909090909090909,0.0909090909090909,0
427,NA,"Canada",1996,20,29,51,118,109,169,278,NA,39.2,0.184,0.424,0.392
427,NA,"Canada",1996,30,39,36,129,214,165,379,NA,56.5,0.095,0.34,0.565
427,NA,"Canada",1996,40,49,69,144,174,213,387,NA,45,0.178,0.372,0.45
427,NA,"Canada",1996,50,59,99,124,148,223,371,NA,39.9,0.267,0.334,0.399
427,NA,"Canada",1996,60,80,74,70,60,144,204,NA,29.4,0.363,0.343,0.294
433,NA,"Italy",1988,3,5,11,37,131,48,179,NA,NA,0.0614525139664804,0.206703910614525,0.731843575418994
433,NA,"Italy",1988,6,7,7,58,409,65,474,NA,NA,0.0147679324894515,0.122362869198312,0.862869198312236
433,NA,"Italy",1988,10,11,15,35,249,50,299,NA,NA,0.0501672240802676,0.117056856187291,0.832775919732441
433,NA,"Italy",1988,14,15,20,62,214,82,296,NA,NA,0.0675675675675676,0.209459459459459,0.722972972972973
433,NA,"Italy",1988,18,19,56,108,328,164,492,NA,NA,0.113821138211382,0.219512195121951,0.666666666666667
382,NA,"Germany",1993,18,20,NA,NA,24,15,39,NA,61,NA,NA,0.61
382,NA,"Germany",1993,21,23,NA,NA,37,31,68,NA,54,NA,NA,0.54
382,NA,"Germany",1993,24,26,NA,NA,31,32,63,NA,49,NA,NA,0.49
382,NA,"Germany",1993,27,29,NA,NA,12,37,49,NA,24,NA,NA,0.24
382,NA,"Germany",1993,30,32,NA,NA,7,24,31,NA,23,NA,NA,0.23
382,NA,"Germany",1993,33,40,NA,NA,7,20,27,NA,26,NA,NA,0.26
382,NA,"Germany",1993,41,80,NA,NA,3,7,10,NA,30,NA,NA,0.3
547,"Ang 2015","Singapore",2010,18,79,263,1070,1959,1334,3293,NA,NA,0.0798663832371698,0.32493167324628,0.594898269055572
547,"Ang 2015","Singapore",2010,18,29,7,77,580,84,664,NA,NA,0.0105421686746988,0.115963855421687,0.873493975903614
547,"Ang 2015","Singapore",2010,30,39,36,180,468,216,684,NA,NA,0.0526315789473684,0.263157894736842,0.684210526315789
547,"Ang 2015","Singapore",2010,40,49,66,249,415,315,730,NA,NA,0.0904109589041096,0.341095890410959,0.568493150684932
547,"Ang 2015","Singapore",2010,50,59,98,316,269,415,684,NA,NA,0.14327485380117,0.461988304093567,0.39327485380117
547,"Ang 2015","Singapore",2010,60,69,42,164,134,207,341,NA,NA,0.12316715542522,0.480938416422287,0.392961876832845
547,"Ang 2015","Singapore",2010,70,79,14,87,91,101,192,NA,NA,0.0729166666666667,0.453125,0.473958333333333
552,"Damasco 2005","Rio de Janeiro, Brazil",2002,18,30,NA,NA,82,8,90,NA,NA,NA,NA,0.911111111111111
552,"Damasco 2005","Rio de Janeiro, Brazil",2002,31,40,NA,NA,65,13,78,NA,NA,NA,NA,0.833333333333333
552,"Damasco 2005","Rio de Janeiro, Brazil",2002,41,50,NA,NA,34,10,44,NA,NA,NA,NA,0.772727272727273
552,"Damasco 2005","Rio de Janeiro, Brazil",2002,51,61,NA,NA,19,3,22,NA,NA,NA,NA,0.863636363636364
422,"Shokouh 2017","Mashhad, Iran",2017,18,34,22,57,20,29,49,NA,NA,0.448979591836735,0.0116326530612245,0.408163265306122
422,"Shokouh 2017","Mashhad, Iran",2017,35,50,34,64,2,57,59,NA,NA,0.576271186440678,0.0108474576271186,0.0338983050847458
422,"Shokouh 2017","Mashhad, Iran",2017,51,80,32,65,3,69,72,NA,NA,0.444444444444444,0.902777777777778,0.0416666666666667
422,"Shokouh 2017","Mashhad, Iran",2017,18,34,24,57,19,2,21,NA,NA,0.0114285714285714,0.0271428571428571,0.904761904761905
422,"Shokouh 2017","Mashhad, Iran",2017,35,50,46,46,7,21,28,NA,NA,0.0164285714285714,0.0164285714285714,0.25
422,"Shokouh 2017","Mashhad, Iran",2017,51,80,47,47,6,28,34,NA,NA,0.0138235294117647,0.0138235294117647,0.176470588235294
NA,"Jenum et al 1995","Finnmark, Norway",NA,10,20,194,48,0,242,242,NA,NA,0,0.1985,0.798
NA,"Jenum et al 1995","Finnmark, Norway",NA,20,30,204,36,0,240,240,NA,NA,0,0.15,0.84
NA,"Jenum et al 1995","Finnmark, Norway",NA,30,40,171,70,0,241,241,NA,NA,0,0.2877777778,0.7022222222
NA,"Jenum et al 1995","Finnmark, Norway",NA,40,50,156,62,21,218,239,NA,NA,0.085,0.255,0.64
NA,"Jenum et al 1995","Finnmark, Norway",NA,50,60,156,58,26,214,240,NA,NA,0.1062162162,0.2405405405,0.642972973
NA,"Jenum et al 1995","Finnmark, Norway",NA,60,70,87,75,75,162,237,NA,NA,0.31,0.3094736842,0.36
NA,"Jenum et al 1995","Finnmark, Norway",NA,70,80,48,135,56,183,239,NA,NA,0.2312,0.5552,0.198
NA,"Jenum et al 1995","Arkhangelsk, Russia",NA,10,20,208,14,5,222,227,NA,NA,0.02204081633,0.0606122449,0.9173469388
NA,"Jenum et al 1995","Arkhangelsk, Russia",NA,20,30,166,50,8,216,224,NA,NA,0.03653061224,0.22,0.7334693878
NA,"Jenum et al 1995","Arkhangelsk, Russia",NA,30,40,106,113,8,219,227,NA,NA,0.034,0.4973333333,0.4686666667
NA,"Jenum et al 1995","Arkhangelsk, Russia",NA,40,50,44,128,53,172,225,NA,NA,0.235,0.565,0.195
NA,"Jenum et al 1995","Arkhangelsk, Russia",NA,50,60,83,61,84,144,228,NA,NA,0.37,0.27,0.3663333333
NA,"Jenum et al 1995","Arkhangelsk, Russia",NA,60,70,68,121,39,189,228,NA,NA,0.1713333333,0.5326666667,0.3006666667
NA,"Jenum et al 1995","Arkhangelsk, Russia",NA,70,80,177,51,0,228,228,NA,NA,0,0.2233333333,0.78
NA,"Garcia-Corbeira 1999","Spain",NA,5,12,2015,726,1203,2741,3944,NA,NA,0.305,0.184,0.511
NA,"Garcia-Corbeira 1999","Spain",NA,13,19,1029,864,2051,1893,3944,NA,NA,0.52,0.219,0.261
NA,"Garcia-Corbeira 1999","Spain",NA,20,29,611,816,2516,1427,3943,NA,NA,0.638,0.207,0.155
NA,"Garcia-Corbeira 1999","Spain",NA,30,39,560,773,2611,1333,3944,NA,NA,0.662,0.196,0.142
NA,"Garcia-Corbeira 1999","Spain",NA,40,49,801,824,2319,1625,3944,NA,NA,0.588,0.209,0.203
NA,"Garcia-Corbeira 1999","Spain",NA,50,59,1160,864,1704,2024,3728,NA,NA,0.432,0.219,0.294
NA,"Alp Cavus et al. 2007","Izmir, Turkey",NA,20,29,NA,NA,159,180,339,NA,NA,0.469,NA,0.531
NA,"Alp Cavus et al. 2007","Izmir, Turkey",NA,30,39,NA,NA,226,113,339,NA,NA,0.667,NA,0.333
NA,"Alp Cavus et al. 2007","Izmir, Turkey",NA,40,49,NA,NA,235,104,339,NA,NA,0.694,NA,0.306
NA,"Alp Cavus et al. 2007","Izmir, Turkey",NA,50,59,NA,NA,174,165,339,NA,NA,0.512,NA,0.488
NA,"Alp Cavus et al. 2007","Izmir, Turkey",NA,60,80,NA,NA,138,201,339,NA,NA,0.407,NA,0.593
NA,"Yuan et al. 1997","Toronto",NA,20,29,278,315,121,593,714,NA,NA,0.17,0.444,0.392
NA,"Yuan et al. 1997","Toronto",NA,30,39,329,287,94,616,710,NA,NA,0.133,0.404,0.463
NA,"Yuan et al. 1997","Toronto",NA,40,49,315,251,144,566,710,NA,NA,0.203,0.354,0.443
NA,"Yuan et al. 1997","Toronto",NA,50,59,202,313,195,515,710,NA,NA,0.275,0.441,0.284
NA,"Yuan et al. 1997","Toronto",NA,60,80,99,315,297,414,711,NA,NA,0.418,0.443,0.139
NA,"Walory et al. 2000","Poland",NA,0.16,0.16,193,2656,1980,2849,4829,NA,NA,0.41,0.55,0.04
NA,"Walory et al. 2000","Poland",NA,0.16,18,1111,3187,531,4298,4829,NA,NA,0.11,0.66,0.23
NA,"Walory et al. 2000","Poland",NA,19,80,241,3042,1545,3283,4828,NA,NA,0.32,0.63,0.05
214,"Maple et al. 1995","North London, UK",NA,20,29,63,86,101,149,250,1000,NA,0.25,0.344,0.404
214,"Maple et al. 1995","North London, UK",NA,30,39,93,85,72,178,250,1000,NA,0.372,0.34,0.288
214,"Maple et al. 1995","North London, UK",NA,40,49,88,77,85,165,250,1000,NA,0.352,0.308,0.34
214,"Maple et al. 1995","North London, UK",NA,50,59,132,67,51,199,250,1000,NA,0.528,0.268,0.204
NA,"Chironna et al. 1993","Kosovo",NA,0,10,468,87,78,555,633,NA,NA,0.123,0.138,0.739
NA,"Chironna et al. 1993","Kosovo",NA,11,20,438,111,84,549,633,NA,NA,0.133,0.175,0.692
NA,"Chironna et al. 1993","Kosovo",NA,21,30,95,401,137,496,633,NA,NA,0.217,0.633,0.15
NA,"Chironna et al. 1993","Kosovo",NA,30,80,81,503,49,584,633,NA,NA,0.077,0.795,0.128
NA,"Chironna et al. 1993","Turkey",NA,0,10,116,37,49,153,202,NA,NA,0.242,0.182,0.576
NA,"Chironna et al. 1993","Turkey",NA,11,20,85,85,32,170,202,NA,NA,0.157,0.422,0.422
NA,"Chironna et al. 1993","Turkey",NA,21,30,58,93,51,151,202,NA,NA,0.25,0.462,0.288
NA,"Chironna et al. 1993","Turkey",NA,30,80,42,130,30,172,202,NA,NA,0.147,0.644,0.206
NA,"Chironna et al. 1993","Iraq",NA,0,10,120,94,47,214,261,NA,NA,0.18,0.361,0.459
NA,"Chironna et al. 1993","Iraq",NA,11,20,148,89,25,237,262,NA,NA,0.094,0.34,0.566
NA,"Chironna et al. 1993","Iraq",NA,21,30,121,92,48,213,261,NA,NA,0.182,0.354,0.465
NA,"Chironna et al. 1993","Iraq",NA,30,80,125,114,22,239,261,NA,NA,0.083,0.438,0.479
NA,"Marolvits et al. 2000","Vienna",NA,18,24,333,142,59,475,534,NA,NA,0.11,0.266,0.623
NA,"Marolvits et al. 2000","Vienna",NA,25,29,335,82,117,417,534,NA,NA,0.22,0.153,0.627
NA,"Marolvits et al. 2000","Vienna",NA,30,39,219,147,168,366,534,NA,NA,0.315,0.275,0.41
NA,"Marolvits et al. 2000","Vienna",NA,40,49,127,160,247,287,534,NA,NA,0.463,0.3,0.238
NA,"Marolvits et al. 2000","Vienna",NA,50,70,84,225,225,309,534,NA,NA,0.421,0.421,0.158
NA,"Mark et al. 1989","Sweeden",NA,5,5,103,239,7,342,349,NA,NA,0.014,0.495,0.214
NA,"Mark et al. 1989","Sweeden",NA,6,6,13,313,102,326,428,NA,NA,0.211,0.65,0.028
NA,"Mark et al. 1989","Sweeden",NA,10,10,8,196,326,204,530,NA,NA,0.676,0.406,0.017
NA,"Mark et al. 1989","Sweeden",NA,16,16,22,266,163,288,451,NA,NA,0.338,0.552,0.045
NA,"Melker 1999","Netherlands",NA,0,1,1579,569,83,2148,2231,NA,NA,0.037,0.255,0.707
NA,"Melker 1999","Netherlands",NA,1,1,1985,221,27,2206,2233,NA,NA,0.012,0.099,0.889
NA,"Melker 1999","Netherlands",NA,2,2,1413,779,42,2192,2234,NA,NA,0.019,0.349,0.633
NA,"Melker 1999","Netherlands",NA,3,3,1402,793,38,2195,2233,NA,NA,0.017,0.355,0.628
NA,"Melker 1999","Netherlands",NA,4,4,2025,194,13,2219,2232,NA,NA,0.6,0.087,0.907
NA,"Melker 1999","Netherlands",NA,5,5,2061,141,31,2202,2233,NA,NA,0.014,0.063,0.923
NA,"Melker 1999","Netherlands",NA,6,6,1766,447,20,2213,2233,NA,NA,0.9,0.2,0.791
NA,"Melker 1999","Netherlands",NA,7,7,1472,710,51,2182,2233,NA,NA,0.023,0.318,0.659
NA,"Melker 1999","Netherlands",NA,8,8,1693,527,16,2220,2236,NA,NA,0.7,0.236,0.758
NA,"Melker 1999","Netherlands",NA,9,9,1970,263,0,2233,2233,NA,NA,0,0.118,0.882
NA,"Melker 1999","Netherlands",NA,10,10,2068,150,16,2218,2234,NA,NA,0.7,0.067,0.926
NA,"Melker 1999","Netherlands",NA,11,11,2032,185,16,2217,2233,NA,NA,0.7,0.083,0.91
NA,"Melker 1999","Netherlands",NA,12,12,1840,380,13,2220,2233,NA,NA,0.6,0.17,0.824
NA,"Melker 1999","Netherlands",NA,13,13,1623,610,0,2233,2233,NA,NA,0,0.273,0.727
NA,"Melker 1999","Netherlands",NA,14,14,1628,596,9,2224,2233,NA,NA,0.4,0.267,0.729
NA,"Melker 1999","Netherlands",NA,0,1,5432,1992,294,7424,7718,NA,NA,0.03810695187,0.2582139037,0.7041229947
NA,"Melker 1999","Netherlands",NA,1,4,5820,1741,153,7561,7714,NA,NA,0.0198787024,0.2257122708,0.7544090268
NA,"Melker 1999","Netherlands",NA,5,9,6081,1549,89,7630,7719,NA,NA,0.01151824818,0.200729927,0.7882116788
NA,"Melker 1999","Netherlands",NA,10,14,6328,1356,34,7684,7718,NA,NA,0.4463414634,0.1757560976,0.8202682927
NA,"Melker 1999","Netherlands",NA,15,19,5557,2090,65,7647,7712,NA,NA,0.8387168142,0.2709026549,0.7202477876
NA,"Melker 1999","Netherlands",NA,20,24,5230,2231,254,7461,7715,NA,NA,0.03293491124,0.289147929,0.6779171598
NA,"Melker 1999","Netherlands",NA,25,29,5195,2198,321,7393,7714,NA,NA,0.04162234043,0.284962766,0.6734148936
NA,"Melker 1999","Netherlands",NA,30,34,4374,2666,671,7040,7711,NA,NA,0.08694444444,0.3455,0.5669907407
NA,"Melker 1999","Netherlands",NA,35,39,4337,2530,415,6867,7282,NA,NA,0.05380876494,0.3279282869,0.5620876494
NA,"Melker 1999","Netherlands",NA,40,44,5645,1581,489,7226,7715,NA,NA,0.06337316562,0.2049433962,0.7316834382
NA,"Melker 1999","Netherlands",NA,45,49,3773,2524,1413,6297,7710,NA,NA,0.1831897655,0.3272153518,0.4890383795
NA,"Melker 1999","Netherlands",NA,50,54,3173,2838,1704,6011,7715,NA,NA,0.2208292683,0.3678780488,0.4112926829
NA,"Melker 1999","Netherlands",NA,55,59,3142,3413,1199,6555,7754,NA,NA,0.1553652695,0.4423912176,0.407253493
NA,"Melker 1999","Netherlands",NA,60,64,2377,3777,1558,6154,7712,NA,NA,0.2018807947,0.4895165563,0.3080794702
NA,"Melker 1999","Netherlands",NA,65,69,2350,2816,2548,5166,7714,NA,NA,0.3303239741,0.3650302376,0.3046457883
NA,"Melker 1999","Netherlands",NA,70,74,1669,1987,4055,3656,7711,NA,NA,0.525649635,0.257513382,0.2163673966
NA,"Melker 1999","Netherlands",NA,75,79,1892,2038,3786,3930,7716,NA,NA,0.4907099698,0.2641148036,0.2451752266
413,"Kurugol 2011","Turkey",2008,0,2,NA,NA,49,4,53,599,NA,NA,NA,0.9245283019
413,"Kurugol 2011","Turkey",2008,3,4,NA,NA,46,6,52,599,NA,NA,NA,0.8846153846
413,"Kurugol 2011","Turkey",2008,5,6,NA,NA,45,10,55,599,NA,NA,NA,0.8181818182
413,"Kurugol 2011","Turkey",2008,7,9,NA,NA,55,4,59,599,NA,NA,NA,0.9322033898
413,"Kurugol 2011","Turkey",2008,10,14,NA,NA,51,14,65,599,NA,NA,NA,0.7846153846
413,"Kurugol 2011","Turkey",2008,14,19,NA,NA,44,6,50,599,NA,NA,NA,0.88
413,"Kurugol 2011","Turkey",2008,20,29,NA,NA,32,30,62,599,NA,NA,NA,0.5161290323
413,"Kurugol 2011","Turkey",2008,30,39,NA,NA,35,39,74,599,NA,NA,NA,0.472972973
413,"Kurugol 2011","Turkey",2008,40,59,NA,NA,40,33,73,599,NA,NA,NA,0.5479452055
413,"Kurugol 2011","Turkey",2008,60,70,NA,NA,37,19,56,599,NA,NA,NA,0.6607142857
424,"Maple 2000","England and Wales",1996,1,1,28,49,23,77,100,3300,NA,0.230125523,0.4937238494,0.2761506276
424,"Maple 2000","England and Wales",1996,2,2,16,58,26,74,100,3300,NA,0.2635983264,0.5794979079,0.1569037657
424,"Maple 2000","England and Wales",1996,3,3,16,63,21,79,100,3300,NA,0.2092050209,0.6338912134,0.1569037657
424,"Maple 2000","England and Wales",1996,4,4,14,29,57,43,100,3300,NA,0.5732217573,0.2866108787,0.140167364
424,"Maple 2000","England and Wales",1996,5,5,11,26,63,37,100,3300,NA,0.6338912134,0.2573221757,0.1087866109
424,"Maple 2000","England and Wales",1996,6,6,7,29,64,36,100,3300,NA,0.6359832636,0.2949790795,0.0690376569
424,"Maple 2000","England and Wales",1996,7,7,11,27,62,38,100,3300,NA,0.6213389121,0.269874477,0.1087866109
424,"Maple 2000","England and Wales",1996,8,8,8,40,52,48,100,3300,NA,0.5188284519,0.4016736402,0.07949790795
424,"Maple 2000","England and Wales",1996,9,9,10,44,45,55,100,3300,NA,0.4539748954,0.4414225941,0.1046025105
424,"Maple 2000","England and Wales",1996,10,10,9,43,48,52,100,3300,NA,0.4769874477,0.4288702929,0.09414225941
424,"Maple 2000","England and Wales",1996,11,11,16,50,34,66,100,3300,NA,0.3410041841,0.5020920502,0.1569037657
424,"Maple 2000","England and Wales",1996,12,12,11,63,26,74,100,3300,NA,0.2552301255,0.6317991632,0.1129707113
424,"Maple 2000","England and Wales",1996,13,13,16,64,19,81,100,3300,NA,0.1924686192,0.6443514644,0.1631799163
424,"Maple 2000","England and Wales",1996,14,14,12,47,41,59,100,3300,NA,0.4142259414,0.4707112971,0.1150627615
424,"Maple 2000","England and Wales",1996,15,15,6,58,35,65,100,3300,NA,0.3535564854,0.5815899582,0.06485355649
424,"Maple 2000","England and Wales",1996,16,16,9,54,38,62,100,3300,NA,0.3765690377,0.5355648536,0.08786610879
424,"Maple 2000","England and Wales",1996,17,17,13,64,23,77,100,3300,NA,0.230125523,0.6380753138,0.1317991632
424,"Maple 2000","England and Wales",1996,18,18,8,68,24,76,100,3300,NA,0.2384937238,0.679916318,0.08158995816
424,"Maple 2000","England and Wales",1996,19,19,8,64,28,72,100,3300,NA,0.2824267782,0.6380753138,0.07949790795
424,"Maple 2000","England and Wales",1996,20,24,26,133,40,160,200,3300,NA,0.2008368201,0.6673640167,0.1317991632
424,"Maple 2000","England and Wales",1996,25,29,61,113,26,174,200,3300,NA,0.1276150628,0.5669456067,0.3054393305
424,"Maple 2000","England and Wales",1996,30,34,86,102,12,188,200,3300,NA,0.06066945607,0.510460251,0.4288702929
424,"Maple 2000","England and Wales",1996,35,39,98,92,10,190,200,3300,NA,0.05020920502,0.4581589958,0.4916317992
424,"Maple 2000","England and Wales",1996,40,49,87,88,25,175,200,3300,NA,0.1255230126,0.4393305439,0.4351464435
424,"Maple 2000","England and Wales",1996,50,59,121,69,10,190,200,3300,NA,0.05020920502,0.3430962343,0.6066945607
424,"Maple 2000","England and Wales",1996,60,80,142,51,7,193,200,3300,NA,0.03347280335,0.2552301255,0.7112970711
425,"KOBLIN 1989","Baltimore",1985,0,16,2,NA,NA,NA,25,232,92,0.08,NA,0.92
425,"KOBLIN 1989","Baltimore",1985,16,19,6,NA,NA,NA,49,232,87.8,0.122448979591837,NA,0.878
425,"KOBLIN 1989","Baltimore",1985,20,22,12,NA,NA,NA,64,232,81.2,0.1875,NA,0.812
425,"KOBLIN 1989","Baltimore",1985,23,25,5,NA,NA,NA,36,232,86.1,0.138888888888889,NA,0.861
425,"KOBLIN 1989","Baltimore",1985,26,29,10,NA,NA,NA,34,232,70.6,0.294117647058824,NA,0.706
425,"KOBLIN 1989","Baltimore",1985,30,50,8,NA,NA,NA,24,232,66.7,0.333333333333333,NA,0.667
586,"Li 2015","Beijing, China",2012,0.25,0.99999,NA,NA,180,26,206,2147,NA,NA,NA,0.8738
586,"Li 2015","Beijing, China",2012,1,4,NA,NA,206,5,211,2147,NA,NA,NA,0.9763
586,"Li 2015","Beijing, China",2012,5,9,NA,NA,209,17,226,2147,NA,NA,NA,0.9263
586,"Li 2015","Beijing, China",2012,10,14,NA,NA,181,35,216,2147,NA,NA,NA,0.838
586,"Li 2015","Beijing, China",2012,15,19,NA,NA,162,58,220,2147,NA,NA,NA,0.7364
586,"Li 2015","Beijing, China",2012,20,24,NA,NA,131,91,222,2147,NA,NA,NA,0.5901
586,"Li 2015","Beijing, China",2012,25,29,NA,NA,107,97,204,2147,NA,NA,NA,0.5245
586,"Li 2015","Beijing, China",2012,30,34,NA,NA,97,125,222,2147,NA,NA,NA,0.4369
586,"Li 2015","Beijing, China",2012,35,39,NA,NA,77,129,206,2147,NA,NA,NA,0.3738
586,"Li 2015","Beijing, China",2012,40,74,NA,NA,73,141,214,2147,NA,NA,NA,0.3411
592,"Saxena 2009","Delhi, India",2008,15,25,53,22,27,75,102,255,NA,0.519607843137255,0.215686274509804,0.264705882352941
592,"Saxena 2009","Delhi, India",2008,26,35,51,25,29,76,105,255,NA,0.485714285714286,0.238095238095238,0.276190476190476
592,"Saxena 2009","Delhi, India",2008,36,50,29,10,9,39,48,255,NA,0.604166666666667,0.208333333333333,0.1875
602,"Dragomirescu 2014","Romania",2010,20,29,81,14,124,95,219,249,NA,0.36986301369863,0.0639269406392694,0.5662100456621
602,"Dragomirescu 2014","Romania",2010,30,39,131,26,73,157,230,249,NA,0.569565217391304,0.11304347826087,0.317391304347826
613,"Redwan 2005","Egypt",1994,0,10,75,45,52,120,172,709,NA,0.436046511627907,0.261627906976744,0.302325581395349
613,"Redwan 2005","Egypt",1994,11,20,9,32,26,41,67,709,NA,0.134328358208955,0.477611940298507,0.388059701492537
613,"Redwan 2005","Egypt",1994,21,30,16,62,57,78,135,709,NA,0.118518518518519,0.459259259259259,0.422222222222222
613,"Redwan 2005","Egypt",1994,31,40,18,58,48,76,124,709,NA,0.145161290322581,0.467741935483871,0.387096774193548
613,"Redwan 2005","Egypt",1994,41,50,8,50,34,58,92,709,NA,0.0869565217391304,0.543478260869565,0.369565217391304
613,"Redwan 2005","Egypt",1994,51,60,9,43,13,52,65,709,NA,0.138461538461538,0.661538461538462,0.2
613,"Redwan 2005","Egypt",1994,61,80,33,14,6,47,53,709,NA,0.622641509433962,0.264150943396226,0.113207547169811
551,"Bergamini 1999","Italy",1994,1,10,39,40,464,79,543,5187,85.5,0.0718232044198895,0.0736648250460405,0.855
551,"Bergamini 1999","Italy",1994,11,20,43,107,488,150,638,5187,76.5,0.0673981191222571,0.167711598746081,0.765
551,"Bergamini 1999","Italy",1994,21,30,77,298,372,375,747,5187,49.8,0.103078982597055,0.398929049531459,0.498
551,"Bergamini 1999","Italy",1994,31,40,128,453,129,581,710,5187,18.2,0.180281690140845,0.638028169014085,0.182
551,"Bergamini 1999","Italy",1994,41,50,201,416,101,617,718,5187,14,0.279944289693593,0.579387186629526,0.14
551,"Bergamini 1999","Italy",1994,51,60,214,315,88,529,617,5187,14.3,0.346839546191248,0.510534846029173,0.143
551,"Bergamini 1999","Italy",1994,61,80,405,589,220,994,1214,5187,18.1,0.333607907742998,0.485172981878089,0.181
631,"Crossley 1979","Minnesota",1976,18,39,NA,NA,NA,NA,102,225,38,NA,NA,0.38
631,"Crossley 1979","Minnesota",1976,40,59,NA,NA,NA,NA,56,225,10,NA,NA,0.1
631,"Crossley 1979","Minnesota",1976,60,80,NA,NA,NA,NA,67,225,16,NA,NA,0.16
623,"Volzke 2006","Germany",1999,20,29,NA,NA,562,101,663,4273,NA,NA,NA,0.847826
623,"Volzke 2006","Germany",1999,30,39,NA,NA,594,147,741,4273,NA,NA,NA,0.80163
623,"Volzke 2006","Germany",1999,40,49,NA,NA,430,316,746,4273,NA,NA,NA,0.576087
623,"Volzke 2006","Germany",1999,50,59,NA,NA,412,390,802,4273,NA,NA,NA,0.513587
623,"Volzke 2006","Germany",1999,60,69,NA,NA,520,234,754,4273,NA,NA,NA,0.690217
623,"Volzke 2006","Germany",1999,70,79,NA,NA,271,296,567,4273,NA,NA,NA,0.478261
465,"Chudnicka 2003","Poland",2003,0,0.16,17,158,198,175,373,1522,NA,0.0455764075067024,0.423592493297587,0.53083109919571
465,"Chudnicka 2003","Poland",2003,0.16,18,68,357,422,425,847,1522,NA,0.0802833530106257,0.421487603305785,0.498229043683589
465,"Chudnicka 2003","Poland",2003,18,80,198,70,34,268,302,1522,NA,0.655629139072848,0.231788079470199,0.112582781456954
417,"Prasad 1991","Nagpur, India",1988,15,20,1,37,21,38,59,254,NA,0.0169491525423729,0.627118644067797,0.355932203389831
417,"Prasad 1991","Nagpur, India",1988,20,21,0,20,26,20,46,254,NA,0,0.434782608695652,0.565217391304348
417,"Prasad 1991","Nagpur, India",1988,21,22,0,13,17,13,30,254,NA,0,0.433333333333333,0.566666666666667
417,"Prasad 1991","Nagpur, India",1988,22,23,0,17,19,17,36,254,NA,0,0.472222222222222,0.527777777777778
417,"Prasad 1991","Nagpur, India",1988,23,24,0,17,8,17,25,254,NA,0,0.68,0.32
417,"Prasad 1991","Nagpur, India",1988,24,25,0,8,13,8,21,254,NA,0,0.380952380952381,0.619047619047619
417,"Prasad 1991","Nagpur, India",1988,25,26,0,17,20,17,37,254,NA,0,0.459459459459459,0.540540540540541
589,"McQuillan 2002 Men","USA",1990,6,11,NA,NA,NA,NA,NA,8634,90.73482428,NA,NA,0.9073482428
589,"McQuillan 2002 Men","USA",1990,12,19,NA,NA,NA,NA,NA,8634,80.19169329,NA,NA,0.8019169329
589,"McQuillan 2002 Men","USA",1990,20,29,NA,NA,NA,NA,NA,8634,75.71884984,NA,NA,0.7571884984
589,"McQuillan 2002 Men","USA",1990,30,39,NA,NA,NA,NA,NA,8634,70.92651757,NA,NA,0.7092651757
589,"McQuillan 2002 Men","USA",1990,40,49,NA,NA,NA,NA,NA,8634,56.86900958,NA,NA,0.5686900958
589,"McQuillan 2002 Men","USA",1990,50,59,NA,NA,NA,NA,NA,8634,44.08945687,NA,NA,0.4408945687
589,"McQuillan 2002 Men","USA",1990,60,69,NA,NA,NA,NA,NA,8634,30.03194888,NA,NA,0.3003194888
589,"McQuillan 2002 Men","USA",1990,70,80,NA,NA,NA,NA,NA,8634,34.82428115,NA,NA,0.3482428115
589,"McQuillan 2002 Women","USA",1990,6,11,NA,NA,NA,NA,NA,9411,90.73482428,NA,NA,0.9073482428
589,"McQuillan 2002 Women","USA",1990,12,19,NA,NA,NA,NA,NA,9411,76.67731629,NA,NA,0.7667731629
589,"McQuillan 2002 Women","USA",1990,20,29,NA,NA,NA,NA,NA,9411,73.48242812,NA,NA,0.7348242812
589,"McQuillan 2002 Women","USA",1990,30,39,NA,NA,NA,NA,NA,9411,64.85623003,NA,NA,0.6485623003
589,"McQuillan 2002 Women","USA",1990,40,49,NA,NA,NA,NA,NA,9411,45.36741214,NA,NA,0.4536741214
589,"McQuillan 2002 Women","USA",1990,50,59,NA,NA,NA,NA,NA,9411,31.94888179,NA,NA,0.3194888179
589,"McQuillan 2002 Women","USA",1990,60,69,NA,NA,NA,NA,NA,9411,28.11501597,NA,NA,0.2811501597
589,"McQuillan 2002 Women","USA",1990,70,80,NA,NA,NA,NA,NA,9411,26.51757188,NA,NA,0.2651757188
595,"Strassburg 1982","Los Angeles",1977,11,12,NA,NA,361,NA,22,378,NA,NA,0.955,0.164090909090909
595,"Strassburg 1982","Los Angeles",1977,13,14,NA,NA,338,NA,104,378,NA,NA,0.894,0.0325
595,"Strassburg 1982","Los Angeles",1977,15,16,NA,NA,353,NA,149,378,NA,NA,0.933,0.0236912751677852
595,"Strassburg 1982","Los Angeles",1977,17,18,NA,NA,359,NA,103,378,NA,NA,0.951,0.0348543689320388
596,"Stark 1999","Blood Donors, East Berlin",1989,18,29,NA,NA,NA,NA,NA,2179,NA,NA,0.86,NA
596,"Stark 1999","Blood Donors, East Berlin",1989,30,39,NA,NA,NA,NA,NA,2179,NA,NA,0.74,NA
596,"Stark 1999","Blood Donors, East Berlin",1989,40,49,NA,NA,NA,NA,NA,2179,NA,NA,0.44,NA
596,"Stark 1999","Blood Donors, East Berlin",1989,50,70,NA,NA,NA,NA,NA,2179,NA,NA,0.45,NA
596,"Stark 1999","Blood Donors, West Berlin",1989,18,29,NA,NA,NA,NA,NA,2179,NA,NA,0.68,NA
596,"Stark 1999","Blood Donors, West Berlin",1989,30,39,NA,NA,NA,NA,NA,2179,NA,NA,0.53,NA
596,"Stark 1999","Blood Donors, West Berlin",1989,40,49,NA,NA,NA,NA,NA,2179,NA,NA,0.47,NA
596,"Stark 1999","Blood Donors, West Berlin",1989,50,70,NA,NA,NA,NA,NA,2179,NA,NA,0.47,NA
601,"Marlovits 2001","Austria",1996,18,24,17,41,96,NA,154,558,NA,0.11038961038961,0.266233766233766,0.623376623376623
601,"Marlovits 2001","Austria",1996,25,29,26,18,74,NA,118,558,NA,0.220338983050847,0.152542372881356,0.627118644067797
601,"Marlovits 2001","Austria",1996,30,39,47,41,61,NA,149,558,NA,0.315436241610738,0.275167785234899,0.409395973154362
601,"Marlovits 2001","Austria",1996,40,49,37,24,19,NA,80,558,NA,0.4625,0.3,0.2375
601,"Marlovits 2001","Austria",1996,50,70,24,24,9,NA,57,558,NA,0.421052631578947,0.421052631578947,0.157894736842105
475,"Cohen 1994","Israel",1985,18,19,5,89,169,NA,263,532,NA,0.0190114068441065,0.338403041825095,0.642585551330799
475,"Cohen 1994","Israel",1985,20,35,1,77,38,NA,116,532,NA,0.00862068965517241,0.663793103448276,0.327586206896552
475,"Cohen 1994","Israel",1985,41,50,7,123,23,NA,153,532,NA,0.0457516339869281,0.803921568627451,0.150326797385621
736,"Khetsuriani 2013","Takikistan",2010,1,2,26,46,136,NA,208,2325,NA,0.125,0.221153846153846,0.653846153846154
736,"Khetsuriani 2013","Takikistan",2010,3,6,75,99,248,NA,422,2325,NA,0.177725118483412,0.234597156398104,0.587677725118483
736,"Khetsuriani 2013","Takikistan",2010,7,9,56,42,174,NA,272,2325,NA,0.205882352941176,0.154411764705882,0.639705882352941
736,"Khetsuriani 2013","Takikistan",2010,10,14,173,140,201,NA,514,2325,NA,0.336575875486381,0.272373540856031,0.391050583657588
736,"Khetsuriani 2013","Takikistan",2010,15,19,136,165,174,NA,475,2325,NA,0.286315789473684,0.347368421052632,0.366315789473684
736,"Khetsuriani 2013","Takikistan",2010,20,24,36,106,292,NA,434,2325,NA,0.0829493087557604,0.244239631336406,0.672811059907834
166,"Yuan 1997","Toronto Blood Donors",1994,18,29,26,68,60,NA,153,710,NA,0.169934640522876,0.444444444444444,0.392156862745098
166,"Yuan 1997","Toronto Blood Donors",1994,30,39,29,88,101,NA,218,710,NA,0.13302752293578,0.403669724770642,0.463302752293578
166,"Yuan 1997","Toronto Blood Donors",1994,40,49,32,56,70,NA,158,710,NA,0.20253164556962,0.354430379746835,0.443037974683544
166,"Yuan 1997","Toronto Blood Donors",1994,50,59,28,45,29,NA,102,710,NA,0.274509803921569,0.441176470588235,0.284313725490196
166,"Yuan 1997","Toronto Blood Donors",1994,60,80,33,45,11,NA,79,710,NA,0.417721518987342,0.569620253164557,0.139240506329114
329,"Marlovits 2000","University Hospital in Vienna",1996,18,24,17,41,96,NA,NA,154,NA,NA,NA,NA
329,"Marlovits 2000","University Hospital in Vienna",1996,25,29,26,18,74,NA,NA,118,NA,NA,NA,NA
329,"Marlovits 2000","University Hospital in Vienna",1996,30,39,47,41,61,NA,NA,149,NA,NA,NA,NA
329,"Marlovits 2000","University Hospital in Vienna",1996,40,49,37,24,19,NA,NA,80,NA,NA,NA,NA
329,"Marlovits 2000","University Hospital in Vienna",1996,50,70,24,24,9,NA,NA,57,NA,NA,NA,NA
430,"Kurugöl 2011","Izmir, Turkey",2008,0,2,NA,NA,49,NA,53,599,NA,NA,NA,0.925
430,"Kurugöl 2011","Izmir, Turkey",2008,3,4,NA,NA,46,NA,52,599,NA,NA,NA,0.885
430,"Kurugöl 2011","Izmir, Turkey",2008,5,6,NA,NA,45,NA,55,599,NA,NA,NA,0.818
430,"Kurugöl 2011","Izmir, Turkey",2008,7,9,NA,NA,55,NA,59,599,NA,NA,NA,0.932
430,"Kurugöl 2011","Izmir, Turkey",2008,10,14,NA,NA,51,NA,65,599,NA,NA,NA,0.785
430,"Kurugöl 2011","Izmir, Turkey",2008,15,19,NA,NA,44,NA,50,599,NA,NA,NA,0.88
430,"Kurugöl 2011","Izmir, Turkey",2008,20,29,NA,NA,32,NA,62,599,NA,NA,NA,0.516
430,"Kurugöl 2011","Izmir, Turkey",2008,30,39,NA,NA,35,NA,74,599,NA,NA,NA,0.473
430,"Kurugöl 2011","Izmir, Turkey",2008,40,59,NA,NA,40,NA,73,599,NA,NA,NA,0.548
430,"Kurugöl 2011","Izmir, Turkey",2008,60,70,NA,NA,37,NA,56,599,NA,NA,NA,0.661
702,"Cavus 2007","Izmir, Turkey",2003,20,29,NA,NA,26,NA,49,339,NA,NA,NA,0.531
702,"Cavus 2007","Izmir, Turkey",2003,30,39,NA,NA,15,NA,45,339,NA,NA,NA,0.333
702,"Cavus 2007","Izmir, Turkey",2003,40,49,NA,NA,22,NA,72,339,NA,NA,NA,0.306
702,"Cavus 2007","Izmir, Turkey",2003,50,59,NA,NA,40,NA,82,339,NA,NA,NA,0.488
702,"Cavus 2007","Izmir, Turkey",2003,60,80,NA,NA,54,NA,91,339,NA,NA,NA,0.593
593,"Souliou 1997","Greece",1993,0,0.166,NA,NA,16,NA,36,509,NA,NA,NA,0.444
593,"Souliou 1997","Greece",1993,0.25,1,NA,NA,30,NA,38,509,NA,NA,NA,0.789
593,"Souliou 1997","Greece",1993,1,4,NA,NA,51,NA,59,509,NA,NA,NA,0.864
593,"Souliou 1997","Greece",1993,5,10,NA,NA,54,NA,61,509,NA,NA,NA,0.885
593,"Souliou 1997","Greece",1993,11,20,NA,NA,49,NA,57,509,NA,NA,NA,0.86
593,"Souliou 1997","Greece",1993,21,30,NA,NA,9,NA,51,509,NA,NA,NA,0.176
593,"Souliou 1997","Greece",1993,31,40,NA,NA,11,NA,54,509,NA,NA,NA,0.204
593,"Souliou 1997","Greece",1993,41,50,NA,NA,15,NA,50,509,NA,NA,NA,0.3
593,"Souliou 1997","Greece",1993,51,60,NA,NA,21,NA,50,509,NA,NA,NA,0.42
593,"Souliou 1997","Greece",1993,60,80,NA,NA,26,NA,53,509,NA,NA,NA,0.491
423,"Gidding 2005","Australia",1998,5,9,1,4,71,NA,76,1950,NA,0.02,0.05,0.93
423,"Gidding 2005","Australia",1998,10,19,11,30,137,NA,195,1950,NA,0.08,0.22,0.7
423,"Gidding 2005","Australia",1998,20,29,27,43,143,NA,280,1950,NA,0.19,0.3,0.51
423,"Gidding 2005","Australia",1998,30,39,12,27,78,NA,155,1950,NA,0.16,0.34,0.5
423,"Gidding 2005","Australia",1998,40,49,12,24,66,NA,146,1950,NA,0.18,0.37,0.45
423,"Gidding 2005","Australia",1998,50,59,48,30,116,NA,350,1950,NA,0.41,0.26,0.33
423,"Gidding 2005","Australia",1998,60,69,47,24,101,NA,348,1950,NA,0.47,0.24,0.29
423,"Gidding 2005","Australia",1998,70,80,57,32,132,NA,400,1950,NA,0.43,0.24,0.33
434,"Mirz 1995","Italy",1994,4,5,0,12,21,NA,33,270,NA,0,0.363636363636364,0.636363636363636
434,"Mirz 1995","Italy",1994,13,14,3,10,27,NA,40,270,NA,0.075,0.25,0.675
434,"Mirz 1995","Italy",1994,21,30,6,11,23,NA,40,270,NA,0.15,0.275,0.575
434,"Mirz 1995","Italy",1994,31,40,21,9,9,NA,39,270,NA,0.538461538461538,0.230769230769231,0.230769230769231
434,"Mirz 1995","Italy",1994,41,50,17,14,9,NA,40,270,NA,0.425,0.35,0.225
434,"Mirz 1995","Italy",1994,51,59,13,13,13,NA,39,270,NA,0.333333333333333,0.333333333333333,0.333333333333333
434,"Mirz 1995","Italy",1994,60,80,15,11,13,NA,39,270,NA,0.384615384615385,0.282051282051282,0.333333333333333
587,"Mossong 2006","Luxemburg",2000,4,4,NA,NA,NA,NA,NA,2673,NA,0.025,0.27,0.705
587,"Mossong 2006","Luxemburg",2000,5,5,NA,NA,NA,NA,NA,2673,NA,0.044,0.179,0.776
587,"Mossong 2006","Luxemburg",2000,6,6,NA,NA,NA,NA,NA,2673,NA,0.025,0.181,0.793
587,"Mossong 2006","Luxemburg",2000,7,7,NA,NA,NA,NA,NA,2673,NA,0.008,0.089,0.903
587,"Mossong 2006","Luxemburg",2000,8,8,NA,NA,NA,NA,NA,2673,NA,0.019,0.044,0.937
587,"Mossong 2006","Luxemburg",2000,9,9,NA,NA,NA,NA,NA,2673,NA,0.032,0.082,0.886
587,"Mossong 2006","Luxemburg",2000,10,10,NA,NA,NA,NA,NA,2673,NA,0.011,0.12,0.869
587,"Mossong 2006","Luxemburg",2000,11,11,NA,NA,NA,NA,NA,2673,NA,0.017,0.12,0.863
587,"Mossong 2006","Luxemburg",2000,12,12,NA,NA,NA,NA,NA,2673,NA,0.017,0.171,0.812
587,"Mossong 2006","Luxemburg",2000,13,13,NA,NA,NA,NA,NA,2673,NA,0.019,0.091,0.89
587,"Mossong 2006","Luxemburg",2000,14,14,NA,NA,NA,NA,NA,2673,NA,0.017,0.091,0.892
587,"Mossong 2006","Luxemburg",2000,15,15,NA,NA,NA,NA,NA,2673,NA,0.011,0.139,0.85
587,"Mossong 2006","Luxemburg",2000,16,16,NA,NA,NA,NA,NA,2673,NA,0.013,0.108,0.88
587,"Mossong 2006","Luxemburg",2000,17,17,NA,NA,NA,NA,NA,2673,NA,0.04,0.051,0.909
587,"Mossong 2006","Luxemburg",2000,18,18,NA,NA,NA,NA,NA,2673,NA,0.076,0.086,0.838
587,"Mossong 2006","Luxemburg",2000,19,19,NA,NA,NA,NA,NA,2673,NA,0.046,0.089,0.865
587,"Mossong 2006","Luxemburg",2000,20,24,NA,NA,NA,NA,NA,2673,NA,0.061,0.135,0.804
587,"Mossong 2006","Luxemburg",2000,25,29,NA,NA,NA,NA,NA,2673,NA,0.072,0.131,0.797
587,"Mossong 2006","Luxemburg",2000,30,34,NA,NA,NA,NA,NA,2673,NA,0.135,0.146,0.719
587,"Mossong 2006","Luxemburg",2000,35,39,NA,NA,NA,NA,NA,2673,NA,0.245,0.198,0.557
587,"Mossong 2006","Luxemburg",2000,40,49,NA,NA,NA,NA,NA,2673,NA,0.35,0.2,0.449
587,"Mossong 2006","Luxemburg",2000,50,59,NA,NA,NA,NA,NA,2673,NA,0.502,0.173,0.325
587,"Mossong 2006","Luxemburg",2000,60,80,NA,NA,NA,NA,NA,2673,NA,0.416,0.217,0.367
NA,"Kruszon-Moran 2004","USA",2001,6,11,NA,NA,NA,NA,NA,9411,NA,NA,NA,0.9094269871
NA,"Kruszon-Moran 2004","USA",2001,12,19,NA,NA,NA,NA,NA,9411,NA,NA,NA,0.7726432532
NA,"Kruszon-Moran 2004","USA",2001,20,29,NA,NA,NA,NA,NA,9411,NA,NA,NA,0.7375231054
NA,"Kruszon-Moran 2004","USA",2001,30,39,NA,NA,NA,NA,NA,9411,NA,NA,NA,0.6524953789
NA,"Kruszon-Moran 2004","USA",2001,40,49,NA,NA,NA,NA,NA,9411,NA,NA,NA,0.4565619224
NA,"Kruszon-Moran 2004","USA",2001,50,59,NA,NA,NA,NA,NA,9411,NA,NA,NA,0.3160813309
NA,"Kruszon-Moran 2004","USA",2001,60,80,NA,NA,NA,NA,NA,9411,NA,NA,NA,0.2717190388
757,"Olander 2009","Finland",2000,30,39,5,30,187,NA,221,990,NA,0.022,0.134,0.844
757,"Olander 2009","Finland",2000,40,49,8,39,197,NA,244,990,NA,0.034,0.16,0.806
757,"Olander 2009","Finland",2000,50,59,20,61,154,NA,235,990,NA,0.087,0.259,0.654
757,"Olander 2009","Finland",2000,60,69,10,55,87,NA,151,990,NA,0.065,0.362,0.573
757,"Olander 2009","Finland",2000,70,80,26,52,60,NA,139,990,NA,0.189,0.377,0.434
761,"Okada 2004","Japan",1996,0,4,NA,NA,NA,NA,NA,NA,NA,NA,NA,NA
761,"Okada 2004","Japan",1996,5,9,NA,NA,NA,NA,NA,NA,NA,NA,NA,NA
761,"Okada 2004","Japan",1996,10,14,NA,NA,NA,NA,NA,NA,NA,NA,NA,NA
761,"Okada 2004","Japan",1996,15,19,NA,NA,NA,NA,NA,NA,NA,NA,NA,NA
761,"Okada 2004","Japan",1996,20,24,NA,NA,NA,NA,NA,NA,NA,NA,NA,NA
761,"Okada 2004","Japan",1996,25,29,NA,NA,NA,NA,NA,NA,NA,NA,NA,NA
761,"Okada 2004","Japan",1996,30,34,NA,NA,NA,NA,NA,NA,NA,NA,NA,NA
761,"Okada 2004","Japan",1996,35,39,NA,NA,NA,NA,NA,NA,NA,NA,NA,NA
761,"Okada 2004","Japan",1996,40,44,NA,NA,NA,NA,NA,NA,NA,NA,NA,NA
761,"Okada 2004","Japan",1996,45,49,NA,NA,NA,NA,NA,NA,NA,NA,NA,NA
761,"Okada 2004","Japan",1996,50,54,NA,NA,NA,NA,NA,NA,NA,NA,NA,NA
761,"Okada 2004","Japan",1996,55,59,NA,NA,NA,NA,NA,NA,NA,NA,NA,NA
761,"Okada 2004","Japan",1996,60,64,NA,NA,NA,NA,NA,NA,NA,NA,NA,NA
761,"Okada 2004","Japan",1996,65,69,NA,NA,NA,NA,NA,NA,NA,NA,NA,NA
761,"Okada 2004","Japan",1996,70,79,NA,NA,NA,NA,NA,NA,NA,NA,NA,NA
761,"Okada 2004","Japan",1996,80,84,NA,NA,NA,NA,NA,NA,NA,NA,NA,NA
763,"Walory 2001","Poland",1997,0,0.16666,NA,NA,156,109,265,4829,NA,NA,NA,0.588679245283019
763,"Walory 2001","Poland",1997,0.16666,18,NA,NA,1894,228,2122,4829,NA,NA,NA,0.892554194156456
763,"Walory 2001","Poland",1997,19,70,NA,NA,1655,787,2442,4829,NA,NA,NA,0.677723177723178
701,"Edmunds 2000","Finland",1996,0,0,NA,NA,NA,NA,NA,NA,NA,0.121,0.322,0.557
701,"Edmunds 2000","Finland",1996,1,1,NA,NA,NA,NA,NA,NA,NA,0.045,0.327,0.629
701,"Edmunds 2000","Finland",1996,2,2,NA,NA,NA,NA,NA,NA,NA,0.2,0.099,0.899
701,"Edmunds 2000","Finland",1996,3,3,NA,NA,NA,NA,NA,NA,NA,0,0.022,0.978
701,"Edmunds 2000","Finland",1996,4,4,NA,NA,NA,NA,NA,NA,NA,0.025,0.047,0.928
701,"Edmunds 2000","Finland",1996,5,5,NA,NA,NA,NA,NA,NA,NA,0.2,0.106,0.891
701,"Edmunds 2000","Finland",1996,6,6,NA,NA,NA,NA,NA,NA,NA,0.042,0.062,0.896
701,"Edmunds 2000","Finland",1996,7,7,NA,NA,NA,NA,NA,NA,NA,0.022,0.149,0.829
701,"Edmunds 2000","Finland",1996,8,8,NA,NA,NA,NA,NA,NA,NA,0.032,0.223,0.745
701,"Edmunds 2000","Finland",1996,9,9,NA,NA,NA,NA,NA,NA,NA,0.022,0.27,0.708
701,"Edmunds 2000","Finland",1996,10,10,NA,NA,NA,NA,NA,NA,NA,0.032,0.183,0.785
701,"Edmunds 2000","Finland",1996,11,11,NA,NA,NA,NA,NA,NA,NA,0.052,0.339,0.609
701,"Edmunds 2000","Finland",1996,12,12,NA,NA,NA,NA,NA,NA,NA,0.064,0.21,0.725
701,"Edmunds 2000","Finland",1996,13,13,NA,NA,NA,NA,NA,NA,NA,0.2,0.079,0.918
701,"Edmunds 2000","Finland",1996,14,14,NA,NA,NA,NA,NA,NA,NA,0.022,0.052,0.926
701,"Edmunds 2000","Finland",1996,15,15,NA,NA,NA,NA,NA,NA,NA,0.015,0.26,0.725
701,"Edmunds 2000","Finland",1996,16,16,NA,NA,NA,NA,NA,NA,NA,0.042,0.151,0.807
701,"Edmunds 2000","Finland",1996,17,17,NA,NA,NA,NA,NA,NA,NA,0.032,0.235,0.733
701,"Edmunds 2000","Finland",1996,18,18,NA,NA,NA,NA,NA,NA,NA,0.2,0.21,0.787
701,"Edmunds 2000","Finland",1996,19,19,NA,NA,NA,NA,NA,NA,NA,0.022,0.191,0.787
701,"Edmunds 2000","Finland",1996,20,24,NA,NA,NA,NA,NA,NA,NA,0.057,0.111,0.832
701,"Edmunds 2000","Finland",1996,25,29,NA,NA,NA,NA,NA,NA,NA,0.094,0.26,0.646
701,"Edmunds 2000","Finland",1996,30,34,NA,NA,NA,NA,NA,NA,NA,0.074,0.225,0.7
701,"Edmunds 2000","Finland",1996,35,39,NA,NA,NA,NA,NA,NA,NA,0.097,0.156,0.748
701,"Edmunds 2000","Finland",1996,40,44,NA,NA,NA,NA,NA,NA,NA,0.22,0.129,0.651
701,"Edmunds 2000","Finland",1996,45,49,NA,NA,NA,NA,NA,NA,NA,0.191,0.121,0.688
701,"Edmunds 2000","Finland",1996,50,54,NA,NA,NA,NA,NA,NA,NA,0.374,0.191,0.436
701,"Edmunds 2000","Finland",1996,55,59,NA,NA,NA,NA,NA,NA,NA,0.26,0.2,0.54
701,"Edmunds 2000","Finland",1996,60,64,NA,NA,NA,NA,NA,NA,NA,0.3,0.141,0.559
701,"Edmunds 2000","Finland",1996,65,69,NA,NA,NA,NA,NA,NA,NA,0.384,0.141,0.475
701,"Edmunds 2000","Finland",1996,70,74,NA,NA,NA,NA,NA,NA,NA,0.542,0.191,0.267
701,"Edmunds 2000","Finland",1996,75,79,NA,NA,NA,NA,NA,NA,NA,0.314,0.188,0.498
701,"Edmunds 2000","The Netherlands",1996,0,0,NA,NA,NA,NA,NA,NA,NA,0.057,0.249,0.694
701,"Edmunds 2000","The Netherlands",1996,1,1,NA,NA,NA,NA,NA,NA,NA,0.019,0.073,0.908
701,"Edmunds 2000","The Netherlands",1996,2,2,NA,NA,NA,NA,NA,NA,NA,0.045,0.239,0.716
701,"Edmunds 2000","The Netherlands",1996,3,3,NA,NA,NA,NA,NA,NA,NA,0.052,0.313,0.635
701,"Edmunds 2000","The Netherlands",1996,4,4,NA,NA,NA,NA,NA,NA,NA,0.012,0.062,0.927
701,"Edmunds 2000","The Netherlands",1996,5,5,NA,NA,NA,NA,NA,NA,NA,0.031,0.059,0.91
701,"Edmunds 2000","The Netherlands",1996,6,6,NA,NA,NA,NA,NA,NA,NA,0.026,0.173,0.801
701,"Edmunds 2000","The Netherlands",1996,7,7,NA,NA,NA,NA,NA,NA,NA,0.033,0.256,0.711
701,"Edmunds 2000","The Netherlands",1996,8,8,NA,NA,NA,NA,NA,NA,NA,0.024,0.22,0.756
701,"Edmunds 2000","The Netherlands",1996,9,9,NA,NA,NA,NA,NA,NA,NA,0.2,0.069,0.929
701,"Edmunds 2000","The Netherlands",1996,10,10,NA,NA,NA,NA,NA,NA,NA,0.9,0.064,0.927
701,"Edmunds 2000","The Netherlands",1996,11,11,NA,NA,NA,NA,NA,NA,NA,0.012,0.081,0.908
701,"Edmunds 2000","The Netherlands",1996,12,12,NA,NA,NA,NA,NA,NA,NA,0.7,0.142,0.851
701,"Edmunds 2000","The Netherlands",1996,13,13,NA,NA,NA,NA,NA,NA,NA,0.024,0.242,0.735
701,"Edmunds 2000","The Netherlands",1996,14,14,NA,NA,NA,NA,NA,NA,NA,0.9,0.237,0.754
701,"Edmunds 2000","The Netherlands",1996,15,15,NA,NA,NA,NA,NA,NA,NA,0.019,0.256,0.725
701,"Edmunds 2000","The Netherlands",1996,16,16,NA,NA,NA,NA,NA,NA,NA,0.021,0.213,0.765
701,"Edmunds 2000","The Netherlands",1996,17,17,NA,NA,NA,NA,NA,NA,NA,0.019,0.256,0.725
701,"Edmunds 2000","The Netherlands",1996,18,18,NA,NA,NA,NA,NA,NA,NA,0.047,0.246,0.706
701,"Edmunds 2000","The Netherlands",1996,19,19,NA,NA,NA,NA,NA,NA,NA,0.045,0.211,0.744
701,"Edmunds 2000","The Netherlands",1996,20,24,NA,NA,NA,NA,NA,NA,NA,0.071,0.256,0.673
701,"Edmunds 2000","The Netherlands",1996,25,29,NA,NA,NA,NA,NA,NA,NA,0.071,0.216,0.713
701,"Edmunds 2000","The Netherlands",1996,30,34,NA,NA,NA,NA,NA,NA,NA,0.121,0.291,0.588
701,"Edmunds 2000","The Netherlands",1996,35,39,NA,NA,NA,NA,NA,NA,NA,0.078,0.249,0.673
701,"Edmunds 2000","The Netherlands",1996,40,44,NA,NA,NA,NA,NA,NA,NA,0.088,0.159,0.754
701,"Edmunds 2000","The Netherlands",1996,45,49,NA,NA,NA,NA,NA,NA,NA,0.218,0.251,0.531
701,"Edmunds 2000","The Netherlands",1996,50,54,NA,NA,NA,NA,NA,NA,NA,0.287,0.265,0.448
701,"Edmunds 2000","The Netherlands",1996,55,59,NA,NA,NA,NA,NA,NA,NA,0.242,0.318,0.441
701,"Edmunds 2000","The Netherlands",1996,60,64,NA,NA,NA,NA,NA,NA,NA,0.291,0.377,0.332
701,"Edmunds 2000","The Netherlands",1996,65,69,NA,NA,NA,NA,NA,NA,NA,0.422,0.254,0.325
701,"Edmunds 2000","The Netherlands",1996,70,74,NA,NA,NA,NA,NA,NA,NA,0.559,0.197,0.244
701,"Edmunds 2000","The Netherlands",1996,75,79,NA,NA,NA,NA,NA,NA,NA,0.566,0.194,0.239
701,"Edmunds 2000","France",1996,0,0,NA,NA,NA,NA,NA,NA,NA,0.139,0.405,0.456
701,"Edmunds 2000","France",1996,1,1,NA,NA,NA,NA,NA,NA,NA,0.117,0.233,0.65
701,"Edmunds 2000","France",1996,2,2,NA,NA,NA,NA,NA,NA,NA,0.04,0.198,0.762
701,"Edmunds 2000","France",1996,3,3,NA,NA,NA,NA,NA,NA,NA,0.026,0.187,0.786
701,"Edmunds 2000","France",1996,4,4,NA,NA,NA,NA,NA,NA,NA,0.081,0.214,0.705
701,"Edmunds 2000","France",1996,5,5,NA,NA,NA,NA,NA,NA,NA,0.132,0.41,0.458
701,"Edmunds 2000","France",1996,6,6,NA,NA,NA,NA,NA,NA,NA,0.046,0.315,0.639
701,"Edmunds 2000","France",1996,7,7,NA,NA,NA,NA,NA,NA,NA,0,0.156,0.844
701,"Edmunds 2000","France",1996,8,8,NA,NA,NA,NA,NA,NA,NA,0.031,0.055,0.914
701,"Edmunds 2000","France",1996,9,9,NA,NA,NA,NA,NA,NA,NA,0.2,0.104,0.894
701,"Edmunds 2000","France",1996,10,10,NA,NA,NA,NA,NA,NA,NA,0.018,0.048,0.934
701,"Edmunds 2000","France",1996,11,11,NA,NA,NA,NA,NA,NA,NA,0.015,0.015,0.969
701,"Edmunds 2000","France",1996,12,12,NA,NA,NA,NA,NA,NA,NA,0,0.2,1
701,"Edmunds 2000","France",1996,13,13,NA,NA,NA,NA,NA,NA,NA,0.015,0.037,0.947
701,"Edmunds 2000","France",1996,14,14,NA,NA,NA,NA,NA,NA,NA,0.033,0,0.967
701,"Edmunds 2000","France",1996,15,15,NA,NA,NA,NA,NA,NA,NA,0.015,0,0.987
701,"Edmunds 2000","France",1996,16,16,NA,NA,NA,NA,NA,NA,NA,0,0.064,0.938
701,"Edmunds 2000","France",1996,17,17,NA,NA,NA,NA,NA,NA,NA,0.011,0.013,0.976
701,"Edmunds 2000","France",1996,18,18,NA,NA,NA,NA,NA,NA,NA,0,0.026,0.978
701,"Edmunds 2000","France",1996,19,19,NA,NA,NA,NA,NA,NA,NA,0,0.015,0.987
701,"Edmunds 2000","France",1996,20,24,NA,NA,NA,NA,NA,NA,NA,0.011,0.026,0.963
701,"Edmunds 2000","France",1996,25,29,NA,NA,NA,NA,NA,NA,NA,0.015,0.035,0.949
701,"Edmunds 2000","France",1996,30,34,NA,NA,NA,NA,NA,NA,NA,0.042,0.048,0.91
701,"Edmunds 2000","France",1996,35,39,NA,NA,NA,NA,NA,NA,NA,0.073,0.143,0.784
701,"Edmunds 2000","France",1996,40,44,NA,NA,NA,NA,NA,NA,NA,0.141,0.163,0.696
701,"Edmunds 2000","France",1996,45,49,NA,NA,NA,NA,NA,NA,NA,0.324,0.205,0.471
701,"Edmunds 2000","France",1996,50,54,NA,NA,NA,NA,NA,NA,NA,0.238,0.322,0.441
701,"Edmunds 2000","France",1996,55,59,NA,NA,NA,NA,NA,NA,NA,0.26,0.2,0.54
701,"Edmunds 2000","France",1996,60,64,NA,NA,NA,NA,NA,NA,NA,0.249,0.211,0.54
701,"Edmunds 2000","France",1996,65,69,NA,NA,NA,NA,NA,NA,NA,0.242,0.233,0.524
701,"Edmunds 2000","France",1996,70,74,NA,NA,NA,NA,NA,NA,NA,0.33,0.205,0.465
701,"Edmunds 2000","France",1996,75,79,NA,NA,NA,NA,NA,NA,NA,0.388,0.187,0.425
701,"Edmunds 2000","Sweeden",1996,0,0,NA,NA,NA,NA,NA,NA,NA,0.129,0.236,0.635
701,"Edmunds 2000","Sweeden",1996,1,1,NA,NA,NA,NA,NA,NA,NA,0,0.387,0.613
701,"Edmunds 2000","Sweeden",1996,2,2,NA,NA,NA,NA,NA,NA,NA,1,0.141,0.849
701,"Edmunds 2000","Sweeden",1996,3,3,NA,NA,NA,NA,NA,NA,NA,0.998,0,0.2
701,"Edmunds 2000","Sweeden",1996,4,4,NA,NA,NA,NA,NA,NA,NA,0.998,0,0.2
701,"Edmunds 2000","Sweeden",1996,5,5,NA,NA,NA,NA,NA,NA,NA,0.27,0.494,0.236
701,"Edmunds 2000","Sweeden",1996,6,6,NA,NA,NA,NA,NA,NA,NA,0.998,0,0.2
701,"Edmunds 2000","Sweeden",1996,7,7,NA,NA,NA,NA,NA,NA,NA,0.998,0,0.2
701,"Edmunds 2000","Sweeden",1996,8,8,NA,NA,NA,NA,NA,NA,NA,0.297,0.479,0.224
701,"Edmunds 2000","Sweeden",1996,9,9,NA,NA,NA,NA,NA,NA,NA,0.19,0.606,0.204
701,"Edmunds 2000","Sweeden",1996,10,10,NA,NA,NA,NA,NA,NA,NA,0,0.022,0.978
701,"Edmunds 2000","Sweeden",1996,11,11,NA,NA,NA,NA,NA,NA,NA,1,0.012,0.978
701,"Edmunds 2000","Sweeden",1996,12,12,NA,NA,NA,NA,NA,NA,NA,0.998,0,0.2
701,"Edmunds 2000","Sweeden",1996,13,13,NA,NA,NA,NA,NA,NA,NA,0.998,0,0.2
701,"Edmunds 2000","Sweeden",1996,14,14,NA,NA,NA,NA,NA,NA,NA,0,0.1,0.9
701,"Edmunds 2000","Sweeden",1996,15,15,NA,NA,NA,NA,NA,NA,NA,0.015,0.102,0.883
701,"Edmunds 2000","Sweeden",1996,16,16,NA,NA,NA,NA,NA,NA,NA,0.998,0,0.2
701,"Edmunds 2000","Sweeden",1996,17,17,NA,NA,NA,NA,NA,NA,NA,0.2,0.163,0.835
701,"Edmunds 2000","Sweeden",1996,18,18,NA,NA,NA,NA,NA,NA,NA,0.056,0.19,0.754
701,"Edmunds 2000","Sweeden",1996,19,19,NA,NA,NA,NA,NA,NA,NA,0.2,0.197,0.603
701,"Edmunds 2000","Sweeden",1996,20,24,NA,NA,NA,NA,NA,NA,NA,0.102,0.282,0.616
701,"Edmunds 2000","Sweeden",1996,25,29,NA,NA,NA,NA,NA,NA,NA,0.139,0.253,0.608
701,"Edmunds 2000","Sweeden",1996,30,34,NA,NA,NA,NA,NA,NA,NA,0.275,0.348,0.377
701,"Edmunds 2000","Sweeden",1996,35,39,NA,NA,NA,NA,NA,NA,NA,0.187,0.246,0.567
701,"Edmunds 2000","Sweeden",1996,40,44,NA,NA,NA,NA,NA,NA,NA,0.29,0.246,0.465
701,"Edmunds 2000","Sweeden",1996,45,49,NA,NA,NA,NA,NA,NA,NA,0.27,0.399,0.331
701,"Edmunds 2000","Sweeden",1996,50,54,NA,NA,NA,NA,NA,NA,NA,0.345,0.358,0.297
701,"Edmunds 2000","Sweeden",1996,55,59,NA,NA,NA,NA,NA,NA,NA,0.341,0.392,0.268
701,"Edmunds 2000","Sweeden",1996,60,64,NA,NA,NA,NA,NA,NA,NA,0.292,0.45,0.258
701,"Edmunds 2000","Sweeden",1996,65,69,NA,NA,NA,NA,NA,NA,NA,0.353,0.319,0.328
701,"Edmunds 2000","Sweeden",1996,70,74,NA,NA,NA,NA,NA,NA,NA,0.509,0.392,0.1
701,"Edmunds 2000","Sweeden",1996,75,79,NA,NA,NA,NA,NA,NA,NA,0.443,0.384,0.173
701,"Edmunds 2000","Italy",1996,0,0,NA,NA,NA,NA,NA,NA,NA,0.253,0.189,0.558
701,"Edmunds 2000","Italy",1996,1,1,NA,NA,NA,NA,NA,NA,NA,0.024,0.149,0.827
701,"Edmunds 2000","Italy",1996,2,2,NA,NA,NA,NA,NA,NA,NA,0.022,0.18,0.798
701,"Edmunds 2000","Italy",1996,3,3,NA,NA,NA,NA,NA,NA,NA,0.049,0.264,0.687
701,"Edmunds 2000","Italy",1996,4,4,NA,NA,NA,NA,NA,NA,NA,0.082,0.324,0.593
701,"Edmunds 2000","Italy",1996,5,5,NA,NA,NA,NA,NA,NA,NA,0.027,0.298,0.676
701,"Edmunds 2000","Italy",1996,6,6,NA,NA,NA,NA,NA,NA,NA,0.024,0.198,0.778
701,"Edmunds 2000","Italy",1996,7,7,NA,NA,NA,NA,NA,NA,NA,0.013,0.216,0.771
701,"Edmunds 2000","Italy",1996,8,8,NA,NA,NA,NA,NA,NA,NA,0.013,0.096,0.891
701,"Edmunds 2000","Italy",1996,9,9,NA,NA,NA,NA,NA,NA,NA,0.2,0.056,0.942
701,"Edmunds 2000","Italy",1996,10,10,NA,NA,NA,NA,NA,NA,NA,0.024,0.111,0.864
701,"Edmunds 2000","Italy",1996,11,11,NA,NA,NA,NA,NA,NA,NA,0.036,0.118,0.847
701,"Edmunds 2000","Italy",1996,12,12,NA,NA,NA,NA,NA,NA,NA,0.033,0.244,0.722
701,"Edmunds 2000","Italy",1996,13,13,NA,NA,NA,NA,NA,NA,NA,0.078,0.2,0.722
701,"Edmunds 2000","Italy",1996,14,14,NA,NA,NA,NA,NA,NA,NA,0.089,0.3,0.611
701,"Edmunds 2000","Italy",1996,15,15,NA,NA,NA,NA,NA,NA,NA,0.076,0.324,0.6
701,"Edmunds 2000","Italy",1996,16,16,NA,NA,NA,NA,NA,NA,NA,0.029,0.287,0.684
701,"Edmunds 2000","Italy",1996,17,17,NA,NA,NA,NA,NA,NA,NA,0.089,0.253,0.658
701,"Edmunds 2000","Italy",1996,18,18,NA,NA,NA,NA,NA,NA,NA,0.104,0.238,0.658
701,"Edmunds 2000","Italy",1996,19,19,NA,NA,NA,NA,NA,NA,NA,0.102,0.264,0.633
701,"Edmunds 2000","Italy",1996,20,24,NA,NA,NA,NA,NA,NA,NA,0.129,0.298,0.573
701,"Edmunds 2000","Italy",1996,25,29,NA,NA,NA,NA,NA,NA,NA,0.122,0.28,0.598
701,"Edmunds 2000","Italy",1996,30,34,NA,NA,NA,NA,NA,NA,NA,0.18,0.3,0.52
701,"Edmunds 2000","Italy",1996,35,39,NA,NA,NA,NA,NA,NA,NA,0.222,0.358,0.42
701,"Edmunds 2000","Italy",1996,40,44,NA,NA,NA,NA,NA,NA,NA,0.411,0.307,0.282
701,"Edmunds 2000","Italy",1996,45,49,NA,NA,NA,NA,NA,NA,NA,0.382,0.342,0.276
701,"Edmunds 2000","Italy",1996,50,54,NA,NA,NA,NA,NA,NA,NA,0.382,0.304,0.313
701,"Edmunds 2000","Italy",1996,55,59,NA,NA,NA,NA,NA,NA,NA,0.316,0.489,0.196
701,"Edmunds 2000","Italy",1996,60,64,NA,NA,NA,NA,NA,NA,NA,0.262,0.473,0.264
701,"Edmunds 2000","Italy",1996,65,69,NA,NA,NA,NA,NA,NA,NA,0.238,0.438,0.324
701,"Edmunds 2000","Italy",1996,70,74,NA,NA,NA,NA,NA,NA,NA,0.444,0.4,0.156
701,"Edmunds 2000","Italy",1996,75,79,NA,NA,NA,NA,NA,NA,NA,0.284,0.32,0.396
701,"Edmunds 2000","Germany",1996,0,0,NA,NA,NA,NA,NA,NA,NA,0.272,0.341,0.387
701,"Edmunds 2000","Germany",1996,1,1,NA,NA,NA,NA,NA,NA,NA,0.069,0.27,0.661
701,"Edmunds 2000","Germany",1996,2,2,NA,NA,NA,NA,NA,NA,NA,0.032,0.103,0.865
701,"Edmunds 2000","Germany",1996,3,3,NA,NA,NA,NA,NA,NA,NA,0.7,0.059,0.934
701,"Edmunds 2000","Germany",1996,4,4,NA,NA,NA,NA,NA,NA,NA,0,0.124,0.879
701,"Edmunds 2000","Germany",1996,5,5,NA,NA,NA,NA,NA,NA,NA,0.03,0.178,0.792
701,"Edmunds 2000","Germany",1996,6,6,NA,NA,NA,NA,NA,NA,NA,0,0.172,0.828
701,"Edmunds 2000","Germany",1996,7,7,NA,NA,NA,NA,NA,NA,NA,0.7,0.041,0.952
701,"Edmunds 2000","Germany",1996,8,8,NA,NA,NA,NA,NA,NA,NA,0.018,0.144,0.838
701,"Edmunds 2000","Germany",1996,9,9,NA,NA,NA,NA,NA,NA,NA,0.037,0.043,0.92
701,"Edmunds 2000","Germany",1996,10,10,NA,NA,NA,NA,NA,NA,NA,0,0.078,0.922
701,"Edmunds 2000","Germany",1996,11,11,NA,NA,NA,NA,NA,NA,NA,0,0.059,0.943
701,"Edmunds 2000","Germany",1996,12,12,NA,NA,NA,NA,NA,NA,NA,0.041,0.046,0.913
701,"Edmunds 2000","Germany",1996,13,13,NA,NA,NA,NA,NA,NA,NA,0.016,0.105,0.879
701,"Edmunds 2000","Germany",1996,14,14,NA,NA,NA,NA,NA,NA,NA,0.039,0.082,0.879
701,"Edmunds 2000","Germany",1996,15,15,NA,NA,NA,NA,NA,NA,NA,0.082,0.16,0.757
701,"Edmunds 2000","Germany",1996,16,16,NA,NA,NA,NA,NA,NA,NA,0.059,0.165,0.776
701,"Edmunds 2000","Germany",1996,17,17,NA,NA,NA,NA,NA,NA,NA,0.018,0.103,0.879
701,"Edmunds 2000","Germany",1996,18,18,NA,NA,NA,NA,NA,NA,NA,0.178,0.165,0.657
701,"Edmunds 2000","Germany",1996,19,19,NA,NA,NA,NA,NA,NA,NA,0.034,0.08,0.886
701,"Edmunds 2000","Germany",1996,20,24,NA,NA,NA,NA,NA,NA,NA,0.078,0.192,0.73
701,"Edmunds 2000","Germany",1996,25,29,NA,NA,NA,NA,NA,NA,NA,0.197,0.227,0.577
701,"Edmunds 2000","Germany",1996,30,34,NA,NA,NA,NA,NA,NA,NA,0.366,0.206,0.428
701,"Edmunds 2000","Germany",1996,35,39,NA,NA,NA,NA,NA,NA,NA,0.487,0.192,0.32
701,"Edmunds 2000","Germany",1996,40,44,NA,NA,NA,NA,NA,NA,NA,0.652,0.133,0.215
701,"Edmunds 2000","Germany",1996,45,49,NA,NA,NA,NA,NA,NA,NA,0.611,0.213,0.176
701,"Edmunds 2000","Germany",1996,50,54,NA,NA,NA,NA,NA,NA,NA,0.426,0.316,0.259
701,"Edmunds 2000","Germany",1996,55,59,NA,NA,NA,NA,NA,NA,NA,0.206,0.46,0.334
701,"Edmunds 2000","Germany",1996,60,64,NA,NA,NA,NA,NA,NA,NA,0.302,0.3,0.398
701,"Edmunds 2000","Germany",1996,65,69,NA,NA,NA,NA,NA,NA,NA,0.307,0.176,0.517
701,"Edmunds 2000","Germany",1996,70,74,NA,NA,NA,NA,NA,NA,NA,0.556,0.172,0.272
701,"Edmunds 2000","Germany",1996,75,79,NA,NA,NA,NA,NA,NA,NA,0.391,0.281,0.327
701,"Edmunds 2000","England & Wales",1996,1,1,NA,NA,NA,NA,NA,NA,NA,0.252,0.189,0.559
701,"Edmunds 2000","England & Wales",1996,2,2,NA,NA,NA,NA,NA,NA,NA,0.024,0.148,0.828
701,"Edmunds 2000","England & Wales",1996,3,3,NA,NA,NA,NA,NA,NA,NA,0.022,0.182,0.797
701,"Edmunds 2000","England & Wales",1996,4,4,NA,NA,NA,NA,NA,NA,NA,0.044,0.271,0.685
701,"Edmunds 2000","England & Wales",1996,5,5,NA,NA,NA,NA,NA,NA,NA,0.082,0.324,0.593
701,"Edmunds 2000","England & Wales",1996,6,6,NA,NA,NA,NA,NA,NA,NA,0.027,0.3,0.673
701,"Edmunds 2000","England & Wales",1996,7,7,NA,NA,NA,NA,NA,NA,NA,0.024,0.196,0.78
701,"Edmunds 2000","England & Wales",1996,8,8,NA,NA,NA,NA,NA,NA,NA,0.015,0.213,0.772
701,"Edmunds 2000","England & Wales",1996,9,9,NA,NA,NA,NA,NA,NA,NA,1,0.097,0.893
701,"Edmunds 2000","England & Wales",1996,10,10,NA,NA,NA,NA,NA,NA,NA,0,0.053,0.947
701,"Edmunds 2000","England & Wales",1996,11,11,NA,NA,NA,NA,NA,NA,NA,0.024,0.111,0.864
701,"Edmunds 2000","England & Wales",1996,12,12,NA,NA,NA,NA,NA,NA,NA,0.034,0.116,0.85
701,"Edmunds 2000","England & Wales",1996,13,13,NA,NA,NA,NA,NA,NA,NA,0.031,0.247,0.722
701,"Edmunds 2000","England & Wales",1996,14,14,NA,NA,NA,NA,NA,NA,NA,0.075,0.203,0.722
701,"Edmunds 2000","England & Wales",1996,15,15,NA,NA,NA,NA,NA,NA,NA,0.09,0.295,0.615
701,"Edmunds 2000","England & Wales",1996,16,16,NA,NA,NA,NA,NA,NA,NA,0.075,0.324,0.6
701,"Edmunds 2000","England & Wales",1996,17,17,NA,NA,NA,NA,NA,NA,NA,0.027,0.291,0.683
701,"Edmunds 2000","England & Wales",1996,18,18,NA,NA,NA,NA,NA,NA,NA,0.092,0.249,0.659
701,"Edmunds 2000","England & Wales",1996,19,19,NA,NA,NA,NA,NA,NA,NA,0.104,0.235,0.661
701,"Edmunds 2000","England & Wales",1996,20,24,NA,NA,NA,NA,NA,NA,NA,0.102,0.264,0.634
701,"Edmunds 2000","England & Wales",1996,25,29,NA,NA,NA,NA,NA,NA,NA,0.128,0.298,0.574
701,"Edmunds 2000","England & Wales",1996,30,34,NA,NA,NA,NA,NA,NA,NA,0.123,0.278,0.598
701,"Edmunds 2000","England & Wales",1996,35,39,NA,NA,NA,NA,NA,NA,NA,0.177,0.3,0.523
701,"Edmunds 2000","England & Wales",1996,40,44,NA,NA,NA,NA,NA,NA,NA,0.22,0.361,0.419
701,"Edmunds 2000","England & Wales",1996,45,49,NA,NA,NA,NA,NA,NA,NA,0.409,0.305,0.286
701,"Edmunds 2000","England & Wales",1996,50,54,NA,NA,NA,NA,NA,NA,NA,0.383,0.341,0.276
701,"Edmunds 2000","England & Wales",1996,55,59,NA,NA,NA,NA,NA,NA,NA,0.38,0.305,0.315
701,"Edmunds 2000","England & Wales",1996,60,64,NA,NA,NA,NA,NA,NA,NA,0.312,0.492,0.196
701,"Edmunds 2000","England & Wales",1996,65,69,NA,NA,NA,NA,NA,NA,NA,0.262,0.475,0.264
701,"Edmunds 2000","England & Wales",1996,70,74,NA,NA,NA,NA,NA,NA,NA,0.235,0.441,0.324
701,"Edmunds 2000","England & Wales",1996,75,80,NA,NA,NA,NA,NA,NA,NA,0.441,0.404,0.155
476,"Swart 2016","Netherlands",1995,0,0,NA,NA,NA,NA,187,7691,NA,0.281,0.324,0.395
476,"Swart 2016","Netherlands",1995,1,1,NA,NA,NA,NA,184,7691,NA,0.027,0.282,0.691
476,"Swart 2016","Netherlands",1995,2,2,NA,NA,NA,NA,156,7691,NA,0.015,0.154,0.831
476,"Swart 2016","Netherlands",1995,3,3,NA,NA,NA,NA,213,7691,NA,0.021,0.412,0.567
476,"Swart 2016","Netherlands",1995,4,4,NA,NA,NA,NA,153,7691,NA,0.021,0.493,0.487
476,"Swart 2016","Netherlands",1995,5,5,NA,NA,NA,NA,102,7691,NA,0.006,0.098,0.896
476,"Swart 2016","Netherlands",1995,6,6,NA,NA,NA,NA,119,7691,NA,0.018,0.086,0.896
476,"Swart 2016","Netherlands",1995,7,7,NA,NA,NA,NA,101,7691,NA,0.006,0.3,0.694
476,"Swart 2016","Netherlands",1995,8,8,NA,NA,NA,NA,127,7691,NA,0.012,0.401,0.588
476,"Swart 2016","Netherlands",1995,9,9,NA,NA,NA,NA,97,7691,NA,0.021,0.315,0.665
476,"Swart 2016","Netherlands",1995,10,10,NA,NA,NA,NA,113,7691,NA,0,0.11,0.89
476,"Swart 2016","Netherlands",1995,11,11,NA,NA,NA,NA,110,7691,NA,0.006,0.08,0.914
476,"Swart 2016","Netherlands",1995,12,14,NA,NA,NA,NA,349,7691,NA,0.006,0.104,0.89
476,"Swart 2016","Netherlands",1995,15,19,NA,NA,NA,NA,NA,7691,NA,0.003,0.309,0.688
476,"Swart 2016","Netherlands",1995,20,24,NA,NA,NA,NA,NA,7691,NA,0.009,0.374,0.617
476,"Swart 2016","Netherlands",1995,25,19,NA,NA,NA,NA,NA,7691,NA,0.042,0.365,0.593
476,"Swart 2016","Netherlands",1995,20,34,NA,NA,NA,NA,NA,7691,NA,0.033,0.395,0.573
476,"Swart 2016","Netherlands",1995,35,39,NA,NA,NA,NA,NA,7691,NA,0.083,0.404,0.513
476,"Swart 2016","Netherlands",1995,40,44,NA,NA,NA,NA,NA,7691,NA,0.047,0.374,0.579
476,"Swart 2016","Netherlands",1995,45,49,NA,NA,NA,NA,NA,7691,NA,0.053,0.258,0.688
476,"Swart 2016","Netherlands",1995,50,54,NA,NA,NA,NA,NA,7691,NA,0.172,0.389,0.439
476,"Swart 2016","Netherlands",1995,55,59,NA,NA,NA,NA,NA,7691,NA,0.211,0.418,0.371
476,"Swart 2016","Netherlands",1995,60,64,NA,NA,NA,NA,NA,7691,NA,0.145,0.51,0.344
476,"Swart 2016","Netherlands",1995,65,69,NA,NA,NA,NA,NA,7691,NA,0.199,0.561,0.24
476,"Swart 2016","Netherlands",1995,70,74,NA,NA,NA,NA,NA,7691,NA,0.323,0.398,0.279
476,"Swart 2016","Netherlands",1995,75,79,NA,NA,NA,NA,NA,7691,NA,0.507,0.332,0.16
476,"Swart 2016","Netherlands",2006,0,0,NA,NA,NA,NA,NA,6383,NA,0.087,0.317,0.596
476,"Swart 2016","Netherlands",2006,1,1,NA,NA,NA,NA,NA,6383,NA,0.021,0.363,0.616
476,"Swart 2016","Netherlands",2006,2,2,NA,NA,NA,NA,NA,6383,NA,0.102,0.528,0.37
476,"Swart 2016","Netherlands",2006,3,3,NA,NA,NA,NA,NA,6383,NA,0.109,0.444,0.447
476,"Swart 2016","Netherlands",2006,4,4,NA,NA,NA,NA,NA,6383,NA,0.009,0.111,0.88
476,"Swart 2016","Netherlands",2006,5,5,NA,NA,NA,NA,NA,6383,NA,0,0.203,0.797
476,"Swart 2016","Netherlands",2006,6,6,NA,NA,NA,NA,NA,6383,NA,0.056,0.408,0.536
476,"Swart 2016","Netherlands",2006,7,7,NA,NA,NA,NA,NA,6383,NA,0.029,0.318,0.653
476,"Swart 2016","Netherlands",2006,8,8,NA,NA,NA,NA,NA,6383,NA,0.054,0.35,0.596
476,"Swart 2016","Netherlands",2006,9,9,NA,NA,NA,NA,NA,6383,NA,0.032,0.146,0.822
476,"Swart 2016","Netherlands",2006,10,10,NA,NA,NA,NA,NA,6383,NA,0.014,0.218,0.768
476,"Swart 2016","Netherlands",2006,11,11,NA,NA,NA,NA,NA,6383,NA,0.044,0.211,0.745
476,"Swart 2016","Netherlands",2006,12,14,NA,NA,NA,NA,NA,6383,NA,0.014,0.267,0.719
476,"Swart 2016","Netherlands",2006,15,19,NA,NA,NA,NA,NA,6383,NA,0.033,0.417,0.55
476,"Swart 2016","Netherlands",2006,20,24,NA,NA,NA,NA,NA,6383,NA,0.056,0.46,0.484
476,"Swart 2016","Netherlands",2006,25,19,NA,NA,NA,NA,NA,6383,NA,0.064,0.354,0.582
476,"Swart 2016","Netherlands",2006,20,34,NA,NA,NA,NA,NA,6383,NA,0.062,0.385,0.553
476,"Swart 2016","Netherlands",2006,35,39,NA,NA,NA,NA,NA,6383,NA,0.06,0.396,0.544
476,"Swart 2016","Netherlands",2006,40,44,NA,NA,NA,NA,NA,6383,NA,0.097,0.427,0.476
476,"Swart 2016","Netherlands",2006,45,49,NA,NA,NA,NA,NA,6383,NA,0.072,0.378,0.55
476,"Swart 2016","Netherlands",2006,50,54,NA,NA,NA,NA,NA,6383,NA,0.036,0.334,0.63
476,"Swart 2016","Netherlands",2006,55,59,NA,NA,NA,NA,NA,6383,NA,0.14,0.307,0.553
476,"Swart 2016","Netherlands",2006,60,64,NA,NA,NA,NA,NA,6383,NA,0.239,0.346,0.415
476,"Swart 2016","Netherlands",2006,65,69,NA,NA,NA,NA,NA,6383,NA,0.213,0.466,0.321
476,"Swart 2016","Netherlands",2006,70,74,NA,NA,NA,NA,NA,6383,NA,0.206,0.452,0.342
476,"Swart 2016","Netherlands",2006,75,79,NA,NA,NA,NA,NA,6383,NA,0.278,0.499,0.223
437,"Wagner 2012","England",2009,0,0,NA,NA,NA,NA,NA,2697,NA,0.371,0.236,0.394
437,"Wagner 2012","England",2009,1,1,NA,NA,NA,NA,NA,2697,NA,0.055,0.267,0.678
437,"Wagner 2012","England",2009,2,2,NA,NA,NA,NA,NA,2697,NA,0.065,0.265,0.669
437,"Wagner 2012","England",2009,3,3,NA,NA,NA,NA,NA,2697,NA,0.097,0.253,0.651
437,"Wagner 2012","England",2009,4,4,NA,NA,NA,NA,NA,2697,NA,0.095,0.221,0.684
437,"Wagner 2012","England",2009,5,5,NA,NA,NA,NA,NA,2697,NA,0.12,0.173,0.707
437,"Wagner 2012","England",2009,6,6,NA,NA,NA,NA,NA,2697,NA,0.08,0.251,0.669
437,"Wagner 2012","England",2009,7,7,NA,NA,NA,NA,NA,2697,NA,0.078,0.265,0.657
437,"Wagner 2012","England",2009,8,8,NA,NA,NA,NA,NA,2697,NA,0.063,0.244,0.693
437,"Wagner 2012","England",2009,9,9,NA,NA,NA,NA,NA,2697,NA,0.107,0.259,0.634
437,"Wagner 2012","England",2009,10,11,NA,NA,NA,NA,NA,2697,NA,0.208,0.354,0.438
437,"Wagner 2012","England",2009,12,15,NA,NA,NA,NA,NA,2697,NA,0.147,0.364,0.488
437,"Wagner 2012","England",2009,16,19,NA,NA,NA,NA,NA,2697,NA,0.067,0.238,0.695
437,"Wagner 2012","England",2009,20,24,NA,NA,NA,NA,NA,2697,NA,0.046,0.244,0.709
437,"Wagner 2012","England",2009,25,34,NA,NA,NA,NA,NA,2697,NA,0.147,0.335,0.518
437,"Wagner 2012","England",2009,35,44,NA,NA,NA,NA,NA,2697,NA,0.274,0.421,0.305
437,"Wagner 2012","England",2009,45,69,NA,NA,NA,NA,NA,2697,NA,0.417,0.345,0.238
437,"Wagner 2012","England",2009,70,80,NA,NA,NA,NA,NA,2697,NA,0.331,0.394,0.276
612,"Miyamura 1983","Japan",1975,0,0,NA,NA,NA,NA,NA,2870,NA,NA,NA,0.157
612,"Miyamura 1983","Japan",1975,1,1,NA,NA,NA,NA,NA,2870,NA,NA,NA,0.32
612,"Miyamura 1983","Japan",1975,2,2,NA,NA,NA,NA,NA,2870,NA,NA,NA,0.664
612,"Miyamura 1983","Japan",1975,3,3,NA,NA,NA,NA,NA,2870,NA,NA,NA,0.741
612,"Miyamura 1983","Japan",1975,4,4,NA,NA,NA,NA,NA,2870,NA,NA,NA,0.749
612,"Miyamura 1983","Japan",1975,5,5,NA,NA,NA,NA,NA,2870,NA,NA,NA,0.756
612,"Miyamura 1983","Japan",1975,6,6,NA,NA,NA,NA,NA,2870,NA,NA,NA,0.861
612,"Miyamura 1983","Japan",1975,7,7,NA,NA,NA,NA,NA,2870,NA,NA,NA,0.93
612,"Miyamura 1983","Japan",1975,8,8,NA,NA,NA,NA,NA,2870,NA,NA,NA,0.836
612,"Miyamura 1983","Japan",1975,9,9,NA,NA,NA,NA,NA,2870,NA,NA,NA,0.865
612,"Miyamura 1983","Japan",1975,10,10,NA,NA,NA,NA,NA,2870,NA,NA,NA,0.91
612,"Miyamura 1983","Japan",1975,11,11,NA,NA,NA,NA,NA,2870,NA,NA,NA,0.855
612,"Miyamura 1983","Japan",1975,12,12,NA,NA,NA,NA,NA,2870,NA,NA,NA,0.924
612,"Miyamura 1983","Japan",1975,13,13,NA,NA,NA,NA,NA,2870,NA,NA,NA,0.951
612,"Miyamura 1983","Japan",1975,14,14,NA,NA,NA,NA,NA,2870,NA,NA,NA,0.935
612,"Miyamura 1983","Japan",1976,0,0,NA,NA,NA,NA,NA,2866,NA,NA,NA,0.277
612,"Miyamura 1983","Japan",1976,1,1,NA,NA,NA,NA,NA,2866,NA,NA,NA,0.348
612,"Miyamura 1983","Japan",1976,2,2,NA,NA,NA,NA,NA,2866,NA,NA,NA,0.511
612,"Miyamura 1983","Japan",1976,3,3,NA,NA,NA,NA,NA,2866,NA,NA,NA,0.744
612,"Miyamura 1983","Japan",1976,4,4,NA,NA,NA,NA,NA,2866,NA,NA,NA,0.79
612,"Miyamura 1983","Japan",1976,5,5,NA,NA,NA,NA,NA,2866,NA,NA,NA,0.861
612,"Miyamura 1983","Japan",1976,6,6,NA,NA,NA,NA,NA,2866,NA,NA,NA,0.818
612,"Miyamura 1983","Japan",1976,7,7,NA,NA,NA,NA,NA,2866,NA,NA,NA,0.882
612,"Miyamura 1983","Japan",1976,8,8,NA,NA,NA,NA,NA,2866,NA,NA,NA,0.921
612,"Miyamura 1983","Japan",1976,9,9,NA,NA,NA,NA,NA,2866,NA,NA,NA,0.918
612,"Miyamura 1983","Japan",1976,10,10,NA,NA,NA,NA,NA,2866,NA,NA,NA,0.829
612,"Miyamura 1983","Japan",1976,11,11,NA,NA,NA,NA,NA,2866,NA,NA,NA,0.865
612,"Miyamura 1983","Japan",1976,12,12,NA,NA,NA,NA,NA,2866,NA,NA,NA,0.92
612,"Miyamura 1983","Japan",1976,13,13,NA,NA,NA,NA,NA,2866,NA,NA,NA,0.922
612,"Miyamura 1983","Japan",1976,14,14,NA,NA,NA,NA,NA,2866,NA,NA,NA,0.935
612,"Miyamura 1983","Japan",1977,0,0,NA,NA,NA,NA,NA,3055,NA,NA,NA,0.336
612,"Miyamura 1983","Japan",1977,1,1,NA,NA,NA,NA,NA,3055,NA,NA,NA,0.319
612,"Miyamura 1983","Japan",1977,2,2,NA,NA,NA,NA,NA,3055,NA,NA,NA,0.388
612,"Miyamura 1983","Japan",1977,3,3,NA,NA,NA,NA,NA,3055,NA,NA,NA,0.782
612,"Miyamura 1983","Japan",1977,4,4,NA,NA,NA,NA,NA,3055,NA,NA,NA,0.802
612,"Miyamura 1983","Japan",1977,5,5,NA,NA,NA,NA,NA,3055,NA,NA,NA,0.849
612,"Miyamura 1983","Japan",1977,6,6,NA,NA,NA,NA,NA,3055,NA,NA,NA,0.846
612,"Miyamura 1983","Japan",1977,7,7,NA,NA,NA,NA,NA,3055,NA,NA,NA,0.879
612,"Miyamura 1983","Japan",1977,8,8,NA,NA,NA,NA,NA,3055,NA,NA,NA,0.938
612,"Miyamura 1983","Japan",1977,9,9,NA,NA,NA,NA,NA,3055,NA,NA,NA,0.931
612,"Miyamura 1983","Japan",1977,10,10,NA,NA,NA,NA,NA,3055,NA,NA,NA,0.918
612,"Miyamura 1983","Japan",1977,11,11,NA,NA,NA,NA,NA,3055,NA,NA,NA,0.969
612,"Miyamura 1983","Japan",1977,12,12,NA,NA,NA,NA,NA,3055,NA,NA,NA,0.921
612,"Miyamura 1983","Japan",1977,13,13,NA,NA,NA,NA,NA,3055,NA,NA,NA,0.936
612,"Miyamura 1983","Japan",1977,14,14,NA,NA,NA,NA,NA,3055,NA,NA,NA,0.921
612,"Miyamura 1983","Japan",1978,0,0,NA,NA,NA,NA,NA,2433,NA,NA,NA,0.255
612,"Miyamura 1983","Japan",1978,1,1,NA,NA,NA,NA,NA,2433,NA,NA,NA,0.269
612,"Miyamura 1983","Japan",1978,2,2,NA,NA,NA,NA,NA,2433,NA,NA,NA,0.339
612,"Miyamura 1983","Japan",1978,3,3,NA,NA,NA,NA,NA,2433,NA,NA,NA,0.75
612,"Miyamura 1983","Japan",1978,4,4,NA,NA,NA,NA,NA,2433,NA,NA,NA,0.839
612,"Miyamura 1983","Japan",1978,5,5,NA,NA,NA,NA,NA,2433,NA,NA,NA,0.788
612,"Miyamura 1983","Japan",1978,6,6,NA,NA,NA,NA,NA,2433,NA,NA,NA,0.835
612,"Miyamura 1983","Japan",1978,7,7,NA,NA,NA,NA,NA,2433,NA,NA,NA,0.767
612,"Miyamura 1983","Japan",1978,8,8,NA,NA,NA,NA,NA,2433,NA,NA,NA,0.773
612,"Miyamura 1983","Japan",1978,9,9,NA,NA,NA,NA,NA,2433,NA,NA,NA,0.908
612,"Miyamura 1983","Japan",1978,10,10,NA,NA,NA,NA,NA,2433,NA,NA,NA,0.944
612,"Miyamura 1983","Japan",1978,11,11,NA,NA,NA,NA,NA,2433,NA,NA,NA,0.911
612,"Miyamura 1983","Japan",1978,12,12,NA,NA,NA,NA,NA,2433,NA,NA,NA,0.833
612,"Miyamura 1983","Japan",1978,13,13,NA,NA,NA,NA,NA,2433,NA,NA,NA,0.909
612,"Miyamura 1983","Japan",1978,14,14,NA,NA,NA,NA,NA,2433,NA,NA,NA,1
612,"Miyamura 1983","Japan",1979,0,0,NA,NA,NA,NA,NA,2762,NA,NA,NA,0.242
612,"Miyamura 1983","Japan",1979,1,1,NA,NA,NA,NA,NA,2762,NA,NA,NA,0.183
612,"Miyamura 1983","Japan",1979,2,2,NA,NA,NA,NA,NA,2762,NA,NA,NA,0.362
612,"Miyamura 1983","Japan",1979,3,3,NA,NA,NA,NA,NA,2762,NA,NA,NA,0.739
612,"Miyamura 1983","Japan",1979,4,4,NA,NA,NA,NA,NA,2762,NA,NA,NA,0.77
612,"Miyamura 1983","Japan",1979,5,5,NA,NA,NA,NA,NA,2762,NA,NA,NA,0.827
612,"Miyamura 1983","Japan",1979,6,6,NA,NA,NA,NA,NA,2762,NA,NA,NA,0.847
612,"Miyamura 1983","Japan",1979,7,7,NA,NA,NA,NA,NA,2762,NA,NA,NA,0.812
612,"Miyamura 1983","Japan",1979,8,8,NA,NA,NA,NA,NA,2762,NA,NA,NA,0.877
612,"Miyamura 1983","Japan",1979,9,9,NA,NA,NA,NA,NA,2762,NA,NA,NA,0.856
612,"Miyamura 1983","Japan",1979,10,10,NA,NA,NA,NA,NA,2762,NA,NA,NA,0.887
612,"Miyamura 1983","Japan",1979,11,11,NA,NA,NA,NA,NA,2762,NA,NA,NA,0.906
612,"Miyamura 1983","Japan",1979,12,12,NA,NA,NA,NA,NA,2762,NA,NA,NA,0.813
612,"Miyamura 1983","Japan",1979,13,13,NA,NA,NA,NA,NA,2762,NA,NA,NA,0.714
612,"Miyamura 1983","Japan",1979,14,14,NA,NA,NA,NA,NA,2762,NA,NA,NA,0.737
612,"Miyamura 1983","Japan",1980,0,0,NA,NA,NA,NA,NA,2717,NA,NA,NA,0.181
612,"Miyamura 1983","Japan",1980,1,1,NA,NA,NA,NA,NA,2717,NA,NA,NA,0.094
612,"Miyamura 1983","Japan",1980,2,2,NA,NA,NA,NA,NA,2717,NA,NA,NA,0.356
612,"Miyamura 1983","Japan",1980,3,3,NA,NA,NA,NA,NA,2717,NA,NA,NA,0.763
612,"Miyamura 1983","Japan",1980,4,4,NA,NA,NA,NA,NA,2717,NA,NA,NA,0.751
612,"Miyamura 1983","Japan",1980,5,5,NA,NA,NA,NA,NA,2717,NA,NA,NA,0.774
612,"Miyamura 1983","Japan",1980,6,6,NA,NA,NA,NA,NA,2717,NA,NA,NA,0.716
612,"Miyamura 1983","Japan",1980,7,7,NA,NA,NA,NA,NA,2717,NA,NA,NA,0.705
612,"Miyamura 1983","Japan",1980,8,8,NA,NA,NA,NA,NA,2717,NA,NA,NA,0.679
612,"Miyamura 1983","Japan",1980,9,9,NA,NA,NA,NA,NA,2717,NA,NA,NA,0.694
612,"Miyamura 1983","Japan",1980,10,10,NA,NA,NA,NA,NA,2717,NA,NA,NA,0.733
612,"Miyamura 1983","Japan",1980,11,11,NA,NA,NA,NA,NA,2717,NA,NA,NA,0.889
612,"Miyamura 1983","Japan",1980,12,12,NA,NA,NA,NA,NA,2717,NA,NA,NA,0.968
612,"Miyamura 1983","Japan",1980,13,13,NA,NA,NA,NA,NA,2717,NA,NA,NA,0.696
612,"Miyamura 1983","Japan",1980,14,14,NA,NA,NA,NA,NA,2717,NA,NA,NA,0.893
432,"Gasparini 1997","Siena, Italy",1993,0,10,1,36,47,37,84,602,NA,0.012,0.429,0.56
432,"Gasparini 1997","Siena, Italy",1993,11,20,0,29,41,29,70,602,NA,0,0.414,0.586
432,"Gasparini 1997","Siena, Italy",1993,21,30,3,65,22,68,90,602,NA,0.033,0.722,0.244
432,"Gasparini 1997","Siena, Italy",1993,31,40,6,82,20,88,108,602,NA,0.056,0.759,0.185
432,"Gasparini 1997","Siena, Italy",1993,41,50,15,111,4,126,130,602,NA,0.115,0.854,0.031
432,"Gasparini 1997","Siena, Italy",1993,51,59,5,27,0,32,32,602,NA,0.156,0.844,0
432,"Gasparini 1997","Siena, Italy",1993,60,80,7,75,6,82,88,602,NA,0.08,0.852,0.068
